id,seccion,subseccion,archivo_tex,lineas_aproximadas,primeras_palabras,clasificacion,palabras_actuales,palabras_objetivo_recomendado,ahorro_potencial,funcion_cientifica,informacion_unica,informacion_repetida,otras_ubicaciones,riesgo,justificacion,tipo_unidad,fuente
01.01,Introduction,Sin subsección,manuscript/paper1/sections/01-introduction.tex,4,Sharding is a common strategy for increasing the capacity of,COMPRESS,105,90,15,Plantear problema,Coordinación entre shards y cinco antecedentes,Antecedentes detallados,02.02-02.04,LOW,Acortar contexto conservando problema y citas,Párrafo o entrada sustantiva,https://github.com/kapumota/dtl-lab/blob/5195d94b2ade1933a726d1d2106cc35a11c37f47/manuscript/paper1/sections/01-introduction.tex
01.02,Introduction,Sin subsección,manuscript/paper1/sections/01-introduction.tex,6,Formal methods provide one way to reason about protocol behavior,COMPRESS,95,75,20,Presentar métodos,Tres funciones distintas de evidencia,Descripción de capas,04.19-04.40,LOW,Dejar una frase por técnica y conservar citas,Párrafo o entrada sustantiva,https://github.com/kapumota/dtl-lab/blob/5195d94b2ade1933a726d1d2106cc35a11c37f47/manuscript/paper1/sections/01-introduction.tex
01.03,Introduction,Sin subsección,manuscript/paper1/sections/01-introduction.tex,8,This paper studies an executable cross-shard commit protocol implemented in,COMPRESS,82,70,12,Delimitar objeto,Simulador Java y ausencia de equivalencia entre modelos,Operaciones del protocolo,03.01-03.20,LOW,Resumir inventario sin sugerir cliente de producción,Párrafo o entrada sustantiva,https://github.com/kapumota/dtl-lab/blob/5195d94b2ade1933a726d1d2106cc35a11c37f47/manuscript/paper1/sections/01-introduction.tex
01.04,Introduction,Sin subsección,manuscript/paper1/sections/01-introduction.tex,10,The central methodological objective is to connect several forms of,COMPRESS,128,108,20,Definir contribución y gap,Restricción al comparator set con full text verificado,Enumeración extensa de capas,02.13-02.14,LOW,Conservar alcance de revisión y eliminar transición defensiva,Párrafo o entrada sustantiva,https://github.com/kapumota/dtl-lab/blob/5195d94b2ade1933a726d1d2106cc35a11c37f47/manuscript/paper1/sections/01-introduction.tex
01.05,Introduction,Sin subsección,manuscript/paper1/sections/01-introduction.tex,12-14,The study is organized around four research questions:,KEEP,8,8,0,Declarar RQ1-RQ4,Introducción al inventario que sigue,Formulación metodológica,04.06-04.16,NONE,Conservar conexión con las entradas que siguen.,Párrafo o entrada sustantiva,https://github.com/kapumota/dtl-lab/blob/5195d94b2ade1933a726d1d2106cc35a11c37f47/manuscript/paper1/sections/01-introduction.tex
01.05a,Introduction,Sin subsección,manuscript/paper1/sections/01-introduction.tex,15,RQ1. What bounded property-verification outcomes are obtained for the valid,KEEP,19,19,0,Formular RQ1,RQ1. What bounded property-verification outcomes are obtained for the valid TLA+ and Alloy models across the declared experimental configurations?,Formulación metodológica,04.06-04.16,NONE,"Mantener esta definición completa, con su alcance y condiciones.",Párrafo o entrada sustantiva,https://github.com/kapumota/dtl-lab/blob/5195d94b2ade1933a726d1d2106cc35a11c37f47/manuscript/paper1/sections/01-introduction.tex
01.05b,Introduction,Sin subsección,manuscript/paper1/sections/01-introduction.tex,17,RQ2. Do the evaluated TLA+ and Alloy properties detect predefined,KEEP,17,17,0,Formular RQ2,RQ2. Do the evaluated TLA+ and Alloy properties detect predefined scientific mutations that remove selected protocol controls?,Formulación metodológica,04.06-04.16,NONE,"Mantener esta definición completa, con su alcance y condiciones.",Párrafo o entrada sustantiva,https://github.com/kapumota/dtl-lab/blob/5195d94b2ade1933a726d1d2106cc35a11c37f47/manuscript/paper1/sections/01-introduction.tex
01.05c,Introduction,Sin subsección,manuscript/paper1/sections/01-introduction.tex,19,RQ3. Do selected valid and deliberately corrupted Java executions satisfy,KEEP,23,23,0,Formular RQ3,RQ3. Do selected valid and deliberately corrupted Java executions satisfy the expected bounded implementation-model trace-conformance outcomes under the declared projection and scenario catalogue?,Formulación metodológica,04.06-04.16,NONE,"Mantener esta definición completa, con su alcance y condiciones.",Párrafo o entrada sustantiva,https://github.com/kapumota/dtl-lab/blob/5195d94b2ade1933a726d1d2106cc35a11c37f47/manuscript/paper1/sections/01-introduction.tex
01.05d,Introduction,Sin subsección,manuscript/paper1/sections/01-introduction.tex,21,RQ4. How does verification cost vary across the evaluated bound,KEEP,20,20,0,Formular RQ4,RQ4. How does verification cost vary across the evaluated bound profiles and TLC fault profiles under the frozen execution protocol?,Formulación metodológica,04.06-04.16,NONE,"Mantener esta definición completa, con su alcance y condiciones.",Párrafo o entrada sustantiva,https://github.com/kapumota/dtl-lab/blob/5195d94b2ade1933a726d1d2106cc35a11c37f47/manuscript/paper1/sections/01-introduction.tex
01.06,Introduction,Sin subsección,manuscript/paper1/sections/01-introduction.tex,24,The evidence produced for these questions is intentionally layered. RQ1,COMPRESS,80,45,35,Delimitar evidencia introductoria,Resumen local de límites RQ1-RQ4,Explicaciones de cada capa,04.19-04.40 y 08,LOW,Conservar límites en versión breve y remitir a metodología,Párrafo o entrada sustantiva,https://github.com/kapumota/dtl-lab/blob/5195d94b2ade1933a726d1d2106cc35a11c37f47/manuscript/paper1/sections/01-introduction.tex
01.07,Introduction,Sin subsección,manuscript/paper1/sections/01-introduction.tex,26,"The definitive campaign scheduled 1,272 tasks. For RQ1, 420 measured",COMPRESS,117,95,22,Resumir evidencia,1272 y resultados esenciales RQ1-RQ4,Resultados completos,"06.04, 06.15, 06.28, 06.54",LOW,Reducir conexiones narrativas conservando cifras y censura,Párrafo o entrada sustantiva,https://github.com/kapumota/dtl-lab/blob/5195d94b2ade1933a726d1d2106cc35a11c37f47/manuscript/paper1/sections/01-introduction.tex
01.08,Introduction,Sin subsección,manuscript/paper1/sections/01-introduction.tex,28,Reproducibility is treated as a separate evidence layer. The analytical,COMPRESS,78,60,18,Resumir reproducción,"10/10, 32/32 y separación de proceso en mismo host",Interpretación detallada del hash,"09.20-09.24, 09.28",LOW,Conservar condiciones y no full rerun en resumen compacto,Párrafo o entrada sustantiva,https://github.com/kapumota/dtl-lab/blob/5195d94b2ade1933a726d1d2106cc35a11c37f47/manuscript/paper1/sections/01-introduction.tex
01.09,Introduction,Sin subsección,manuscript/paper1/sections/01-introduction.tex,30,The remainder of the paper is structured as follows. Background,COMPRESS,62,30,32,Orientar estructura,Orden de lectura,Títulos de secciones,Encabezados 02-10,NONE,Una oración de navegación basta,Párrafo o entrada sustantiva,https://github.com/kapumota/dtl-lab/blob/5195d94b2ade1933a726d1d2106cc35a11c37f47/manuscript/paper1/sections/01-introduction.tex
02.01,Background and Related Work,Sin subsección,manuscript/paper1/sections/02-background-related-work.tex,4-12,The literature relevant to this study spans four closely related,COMPRESS,81,50,31,Orientar antecedentes,Cuatro áreas del comparator set,No novedad individual,02.13-02.14,LOW,Nombrar áreas sin adelantar toda la conclusión,Párrafo o entrada sustantiva,https://github.com/kapumota/dtl-lab/blob/5195d94b2ade1933a726d1d2106cc35a11c37f47/manuscript/paper1/sections/02-background-related-work.tex
02.02,Background and Related Work,Sharded ledgers and cross-shard commit,manuscript/paper1/sections/02-background-related-work.tex,17-26,Sharded ledgers have long treated atomic cross-shard processing as a,KEEP,75,75,0,Posicionar atomic commit,"S-BAC, Atomix y mecanismos previos",Contexto introductorio,01.01,NONE,Conservar diferencias y referencias,Párrafo o entrada sustantiva,https://github.com/kapumota/dtl-lab/blob/5195d94b2ade1933a726d1d2106cc35a11c37f47/manuscript/paper1/sections/02-background-related-work.tex
02.03,Background and Related Work,Sharded ledgers and cross-shard commit,manuscript/paper1/sections/02-background-related-work.tex,28-36,"More recent systems focus on reducing conflicts, latency, or coordination",KEEP,66,66,0,Posicionar trabajos recientes,"Prophet, CSLAP y LightCross",Mención de nombres,01.01,NONE,Conservar mecanismos y propiedades atribuidas,Párrafo o entrada sustantiva,https://github.com/kapumota/dtl-lab/blob/5195d94b2ade1933a726d1d2106cc35a11c37f47/manuscript/paper1/sections/02-background-related-work.tex
02.04,Background and Related Work,Sharded ledgers and cross-shard commit,manuscript/paper1/sections/02-background-related-work.tex,38-47,The cited cross-shard systems are therefore not studies without correctness,COMPRESS,89,75,14,Precisar contraste experimental,Throughput/latencia distintos del coste de verificación,Frontera de contribución,02.13,LOW,Acortar transición sin negar evidencia de corrección ajena,Párrafo o entrada sustantiva,https://github.com/kapumota/dtl-lab/blob/5195d94b2ade1933a726d1d2106cc35a11c37f47/manuscript/paper1/sections/02-background-related-work.tex
02.05,Background and Related Work,Formal analysis of distributed and blockchain protocols,manuscript/paper1/sections/02-background-related-work.tex,52-60,Formal modeling and model checking have been applied directly to,KEEP,77,77,0,Discutir antecedente cercano,"MongoDB, WiredTiger y vínculo implementación/modelo",Mención introductoria,01.02,NONE,Es un comparador central que no debe degradarse,Párrafo o entrada sustantiva,https://github.com/kapumota/dtl-lab/blob/5195d94b2ade1933a726d1d2106cc35a11c37f47/manuscript/paper1/sections/02-background-related-work.tex
02.06,Background and Related Work,Formal analysis of distributed and blockchain protocols,manuscript/paper1/sections/02-background-related-work.tex,62-69,Mutation-based assessment of formal specifications also predates this work. Cordy,COMPRESS,74,65,9,Posicionar mutación,Precedente Cordy y catálogo dirigido propio,Sensibilidad limitada al catálogo,"04.29, 08.07",LOW,Conservar método previo y diferencia de alcance,Párrafo o entrada sustantiva,https://github.com/kapumota/dtl-lab/blob/5195d94b2ade1933a726d1d2106cc35a11c37f47/manuscript/paper1/sections/02-background-related-work.tex
02.07,Background and Related Work,Formal analysis of distributed and blockchain protocols,manuscript/paper1/sections/02-background-related-work.tex,71-79,The use of multiple formal encodings and deliberate defects is,KEEP,82,82,0,Delimitar novedad multiformalismo,"Ethereum 3SF, Apalache, SMT, Alloy y defectos",No novedad aislada,02.14,NONE,Mantener contraejemplo a una supuesta prioridad,Párrafo o entrada sustantiva,https://github.com/kapumota/dtl-lab/blob/5195d94b2ade1933a726d1d2106cc35a11c37f47/manuscript/paper1/sections/02-background-related-work.tex
02.08,Background and Related Work,Specification validation and implementation-model conformance,manuscript/paper1/sections/02-background-related-work.tex,84-91,A substantial body of work addresses the gap between verified,KEEP,68,68,0,Posicionar validación de trazas,"Cirstea, observación parcial e instrumentación Java",Descripción general de trace validation,01.02,NONE,Conservar tradeoff instrumental específico,Párrafo o entrada sustantiva,https://github.com/kapumota/dtl-lab/blob/5195d94b2ade1933a726d1d2106cc35a11c37f47/manuscript/paper1/sections/02-background-related-work.tex
02.09,Background and Related Work,Specification validation and implementation-model conformance,manuscript/paper1/sections/02-background-related-work.tex,93-103,TraceLink further automates the relation between distributed implementations and verified,COMPRESS,82,75,7,Comparar validación integrada,"TraceLink, reproducción parcial y CCF/CI",Integración de técnicas,02.14,LOW,Conservar ambos trabajos y sus diferencias,Párrafo o entrada sustantiva,https://github.com/kapumota/dtl-lab/blob/5195d94b2ade1933a726d1d2106cc35a11c37f47/manuscript/paper1/sections/02-background-related-work.tex
02.10,Background and Related Work,Specification validation and implementation-model conformance,manuscript/paper1/sections/02-background-related-work.tex,105-117,Other approaches generate or guide implementation checks directly from formal,COMPRESS,98,90,8,Comparar alternativas,"PlusCal, Mocket, iMocket y S3 ShardStore",Pluralidad de métodos,02.12,LOW,Agrupar transiciones sin quitar mecanismos ni citas,Párrafo o entrada sustantiva,https://github.com/kapumota/dtl-lab/blob/5195d94b2ade1933a726d1d2106cc35a11c37f47/manuscript/paper1/sections/02-background-related-work.tex
02.11,Background and Related Work,Specification validation and implementation-model conformance,manuscript/paper1/sections/02-background-related-work.tex,119-125,These results constrain the interpretation of our RQ3. We do,COMPRESS,64,45,19,Delimitar RQ3 frente a literatura,Catálogo cross-shard con diagnósticos esperados,No novedad general de trace validation,"02.08-02.10, 04.14",LOW,Dejar contraste específico y remisión a metodología,Párrafo o entrada sustantiva,https://github.com/kapumota/dtl-lab/blob/5195d94b2ade1933a726d1d2106cc35a11c37f47/manuscript/paper1/sections/02-background-related-work.tex
02.12,Background and Related Work,Positioning of this work,manuscript/paper1/sections/02-background-related-work.tex,130-141,The reviewed literature shows substantial prior coverage of the individual,DELETE_REDUNDANT,68,0,68,Recapitular antecedentes,Ninguna información o cita nueva frente a párrafos previos,Inventario de métodos y trabajos,02.02-02.10,NONE,Eliminar solo si todas las referencias permanecen en sus párrafos canónicos,Párrafo o entrada sustantiva,https://github.com/kapumota/dtl-lab/blob/5195d94b2ade1933a726d1d2106cc35a11c37f47/manuscript/paper1/sections/02-background-related-work.tex
02.13,Background and Related Work,Positioning of this work,manuscript/paper1/sections/02-background-related-work.tex,143-152,Within the comparator set for which full text was verified,KEEP,86,86,0,Enunciar gap verificable,Comparator set limitado y combinación no identificada,Resumen introductorio del gap,01.04,NONE,Mantener la formulación canónica sin prioridad global,Párrafo o entrada sustantiva,https://github.com/kapumota/dtl-lab/blob/5195d94b2ade1933a726d1d2106cc35a11c37f47/manuscript/paper1/sections/02-background-related-work.tex
02.14,Background and Related Work,Positioning of this work,manuscript/paper1/sections/02-background-related-work.tex,154-161,"Accordingly, the contribution of DTL-Lab is best characterized as an",COMPRESS,63,45,18,Cerrar posicionamiento,Contribución de integración con límites por capa,No novedad de técnicas aisladas,"02.01, 02.07, 02.13",LOW,Cerrar en dos frases sin volver a enumerar todo,Párrafo o entrada sustantiva,https://github.com/kapumota/dtl-lab/blob/5195d94b2ade1933a726d1d2106cc35a11c37f47/manuscript/paper1/sections/02-background-related-work.tex
03.01,Cross-Shard Transaction Model,System abstraction,manuscript/paper1/sections/03-cross-shard-model.tex,7,We study a cross-shard transaction protocol in which a transfer,KEEP,45,45,0,Definir sistema,"UTXO, origen/destino e identificador de sesión",Descripción introductoria,01.03,NONE,Información constitutiva del modelo,Párrafo o entrada sustantiva,https://github.com/kapumota/dtl-lab/blob/5195d94b2ade1933a726d1d2106cc35a11c37f47/manuscript/paper1/sections/03-cross-shard-model.tex
03.02,Cross-Shard Transaction Model,System abstraction,manuscript/paper1/sections/03-cross-shard-model.tex,9,"A session coordinates the source-side lock, the creation and delivery",COMPRESS,37,30,7,Resumir sesión,Coordinación normal y fallos cubiertos,Máquina y rollback,03.05-03.14,LOW,Acortar inventario sin cambiar operaciones,Párrafo o entrada sustantiva,https://github.com/kapumota/dtl-lab/blob/5195d94b2ade1933a726d1d2106cc35a11c37f47/manuscript/paper1/sections/03-cross-shard-model.tex
03.03,Cross-Shard Transaction Model,System abstraction,manuscript/paper1/sections/03-cross-shard-model.tex,11,The executable implementation separates shard management from transaction-state mutation. The,COMPRESS,52,40,12,Definir frontera de implementación,Shard manager separado de atomic commit,Objeto simulador,01.03,LOW,Retener responsabilidades y eliminar explicación genérica,Párrafo o entrada sustantiva,https://github.com/kapumota/dtl-lab/blob/5195d94b2ade1933a726d1d2106cc35a11c37f47/manuscript/paper1/sections/03-cross-shard-model.tex
03.04,Cross-Shard Transaction Model,System abstraction,manuscript/paper1/sections/03-cross-shard-model.tex,13,Receipt authenticity is treated as an abstract protocol precondition rather,KEEP,48,48,0,Fijar supuestos,"Autenticidad abstracta, quorum sin consenso y tiempo lógico",Scope posterior,03.24,NONE,Supuestos necesarios junto a abstracción inicial,Párrafo o entrada sustantiva,https://github.com/kapumota/dtl-lab/blob/5195d94b2ade1933a726d1d2106cc35a11c37f47/manuscript/paper1/sections/03-cross-shard-model.tex
03.05,Cross-Shard Transaction Model,Cross-shard session state machine,manuscript/paper1/sections/03-cross-shard-model.tex,18-30,Each transfer is represented by a finite-state session. The implementation,KEEP,23,23,0,Enumerar estados concretos,Nueve estados Java,Camino normal y proyección,"03.06, 03.17",NONE,Mantener inventario completo,Lista con introducción,https://github.com/kapumota/dtl-lab/blob/5195d94b2ade1933a726d1d2106cc35a11c37f47/manuscript/paper1/sections/03-cross-shard-model.tex
03.06,Cross-Shard Transaction Model,Cross-shard session state machine,manuscript/paper1/sections/03-cross-shard-model.tex,32-44,The normal successful execution follows CREATED SOURCE_LOCKED RECEIPT_CREATED RECEIPT_DELIVERED DESTINATION_PREPARED,KEEP,11,11,0,Mostrar transición nominal,Orden de los seis estados de éxito,Inventario de estados,03.05,NONE,La secuencia aporta relación única,Ecuación con introducción,https://github.com/kapumota/dtl-lab/blob/5195d94b2ade1933a726d1d2106cc35a11c37f47/manuscript/paper1/sections/03-cross-shard-model.tex
03.07,Cross-Shard Transaction Model,Cross-shard session state machine,manuscript/paper1/sections/03-cross-shard-model.tex,46,"The states COMMITTED, ABORTED, TIMED_OUT, and FAILED_VALIDATION are terminal. The",KEEP,20,20,0,Definir terminalidad,Cuatro estados terminales sin salida,Propiedad terminal,03.21,NONE,No confundir definición del sistema con resultado,Párrafo o entrada sustantiva,https://github.com/kapumota/dtl-lab/blob/5195d94b2ade1933a726d1d2106cc35a11c37f47/manuscript/paper1/sections/03-cross-shard-model.tex
03.08,Cross-Shard Transaction Model,Cross-shard session state machine,manuscript/paper1/sections/03-cross-shard-model.tex,48,Abort and validation-failure transitions may occur from nonterminal states. A,KEEP,37,37,0,Definir transiciones de fallo,Timeout no permitido desde CREATED,Límites de sesión,03.05,NONE,Regla semántica indispensable,Párrafo o entrada sustantiva,https://github.com/kapumota/dtl-lab/blob/5195d94b2ade1933a726d1d2106cc35a11c37f47/manuscript/paper1/sections/03-cross-shard-model.tex
03.09,Cross-Shard Transaction Model,Cross-shard session state machine,manuscript/paper1/sections/03-cross-shard-model.tex,50,The transition relation explicitly rejects inconsistent executions such as commit,KEEP,56,56,0,Definir rechazos y eventos,Transiciones inválidas y campos de evento inmutable,Trazas observables,"04.31, 05.35",NONE,Base de conformance que debe quedar en el paper,Párrafo o entrada sustantiva,https://github.com/kapumota/dtl-lab/blob/5195d94b2ade1933a726d1d2106cc35a11c37f47/manuscript/paper1/sections/03-cross-shard-model.tex
03.10,Cross-Shard Transaction Model,Atomic commit and rollback,manuscript/paper1/sections/03-cross-shard-model.tex,55-62,The executable commit operation is divided into four conceptual stages:,KEEP,31,31,0,Definir atomic commit,Cuatro etapas de commit/rollback,Desarrollo posterior,03.11-03.13,NONE,Lista orienta semántica de aplicación,Lista con introducción,https://github.com/kapumota/dtl-lab/blob/5195d94b2ade1933a726d1d2106cc35a11c37f47/manuscript/paper1/sections/03-cross-shard-model.tex
03.11,Cross-Shard Transaction Model,Atomic commit and rollback,manuscript/paper1/sections/03-cross-shard-model.tex,64,"Before modifying ledger state, the protocol constructs a commit plan",KEEP,40,40,0,Definir snapshot,Componentes restaurables antes de mutación,Restauración posterior,03.13,NONE,Necesario para evaluar atomicidad,Párrafo o entrada sustantiva,https://github.com/kapumota/dtl-lab/blob/5195d94b2ade1933a726d1d2106cc35a11c37f47/manuscript/paper1/sections/03-cross-shard-model.tex
03.12,Cross-Shard Transaction Model,Atomic commit and rollback,manuscript/paper1/sections/03-cross-shard-model.tex,66,"During a normal commit, the destination is prepared, the receipt",KEEP,38,38,0,Definir efecto normal,"Orden de consumo, débito, cambio y crédito",Máquina nominal,03.06,NONE,Efectos de ledger distintos de estados,Párrafo o entrada sustantiva,https://github.com/kapumota/dtl-lab/blob/5195d94b2ade1933a726d1d2106cc35a11c37f47/manuscript/paper1/sections/03-cross-shard-model.tex
03.13,Cross-Shard Transaction Model,Atomic commit and rollback,manuscript/paper1/sections/03-cross-shard-model.tex,68,A failure during this sequence invokes rollback before the protocol,KEEP,58,58,0,Definir rollback,Restauración y ausencia de transición inversa sintética,Snapshot,03.11,NONE,No convertir rollback en otra decisión de protocolo,Párrafo o entrada sustantiva,https://github.com/kapumota/dtl-lab/blob/5195d94b2ade1933a726d1d2106cc35a11c37f47/manuscript/paper1/sections/03-cross-shard-model.tex
03.14,Cross-Shard Transaction Model,Atomic commit and rollback,manuscript/paper1/sections/03-cross-shard-model.tex,70,"The implementation also exposes deterministic failure-injection points around receipt consumption,",KEEP,30,30,0,Definir inyección determinista,"Puntos de fallo en consumo, débito y crédito",Reproducibilidad general,05.03,NONE,Mantener mecanismo concreto,Párrafo o entrada sustantiva,https://github.com/kapumota/dtl-lab/blob/5195d94b2ade1933a726d1d2106cc35a11c37f47/manuscript/paper1/sections/03-cross-shard-model.tex
03.15,Cross-Shard Transaction Model,Concurrent formal abstraction,manuscript/paper1/sections/03-cross-shard-model.tex,75,The executable protocol is complemented by bounded formal models in,MERGE,30,15,15,Introducir abstracción,Complemento formal acotado,Objeto de modelos,"03.16, 01.03",LOW,Integrar apertura con variables representadas en 03.16,Párrafo o entrada sustantiva,https://github.com/kapumota/dtl-lab/blob/5195d94b2ade1933a726d1d2106cc35a11c37f47/manuscript/paper1/sections/03-cross-shard-model.tex
03.16,Cross-Shard Transaction Model,Concurrent formal abstraction,manuscript/paper1/sections/03-cross-shard-model.tex,77,"The formal abstractions represent transfer status, source and target shards,",KEEP,38,38,0,Definir estado formal,Variables retenidas y colapso de estados concretos,Proyección,03.17,NONE,Definición científica central,Párrafo o entrada sustantiva,https://github.com/kapumota/dtl-lab/blob/5195d94b2ade1933a726d1d2106cc35a11c37f47/manuscript/paper1/sections/03-cross-shard-model.tex
03.17,Cross-Shard Transaction Model,Concurrent formal abstraction,manuscript/paper1/sections/03-cross-shard-model.tex,79,"The Java-to-formal projection maps CREATED to Pending; SOURCE_LOCKED, RECEIPT_CREATED, and",KEEP,26,26,0,Definir proyección,Mapa Java a Pending/Locked/Prepared/Committed/Aborted,Uso metodológico,04.31,NONE,Conservar todas las correspondencias,Párrafo o entrada sustantiva,https://github.com/kapumota/dtl-lab/blob/5195d94b2ade1933a726d1d2106cc35a11c37f47/manuscript/paper1/sections/03-cross-shard-model.tex
03.18,Cross-Shard Transaction Model,Concurrent formal abstraction,manuscript/paper1/sections/03-cross-shard-model.tex,81,TLA+ additionally stores the first abstract terminal decision in terminalStatus.,KEEP,42,42,0,Distinguir encodings,terminalStatus y secuencia Alloy,Mutante commit-after-abort,"06.18, 08.02",NONE,Justifica propiedades distintas sin equivalencia,Párrafo o entrada sustantiva,https://github.com/kapumota/dtl-lab/blob/5195d94b2ade1933a726d1d2106cc35a11c37f47/manuscript/paper1/sections/03-cross-shard-model.tex
03.19,Cross-Shard Transaction Model,Concurrent formal abstraction,manuscript/paper1/sections/03-cross-shard-model.tex,83,Concurrent configurations vary the number of shards and active transfers,COMPRESS,44,32,12,Delimitar concurrencia,Tipos de comportamiento y finitud,Configuraciones concretas,"05.04, 05.09",LOW,Mantener acotación y reducir descripción anticipada,Párrafo o entrada sustantiva,https://github.com/kapumota/dtl-lab/blob/5195d94b2ade1933a726d1d2106cc35a11c37f47/manuscript/paper1/sections/03-cross-shard-model.tex
03.20,Cross-Shard Transaction Model,Concurrent formal abstraction,manuscript/paper1/sections/03-cross-shard-model.tex,85,TLA+ and Alloy provide two formal representations of the same,COMPRESS,45,30,15,Delimitar comparación formal,Representaciones complementarias sin equivalencia,Comparabilidad de costes,"04.40, 08.03",LOW,Conservar advertencia local sin desarrollar RQ4,Párrafo o entrada sustantiva,https://github.com/kapumota/dtl-lab/blob/5195d94b2ade1933a726d1d2106cc35a11c37f47/manuscript/paper1/sections/03-cross-shard-model.tex
03.21,Cross-Shard Transaction Model,Evaluated protocol properties,manuscript/paper1/sections/03-cross-shard-model.tex,90-93,Seven protocol properties define the main bounded verification target.,KEEP,9,9,0,Definir siete propiedades,Introducción al inventario que sigue,Resultados por propiedad,"06.06, 06.17",NONE,Conservar conexión con las entradas que siguen.,Párrafo o entrada sustantiva,https://github.com/kapumota/dtl-lab/blob/5195d94b2ade1933a726d1d2106cc35a11c37f47/manuscript/paper1/sections/03-cross-shard-model.tex
03.21a,Cross-Shard Transaction Model,Evaluated protocol properties,manuscript/paper1/sections/03-cross-shard-model.tex,94-95,NoReceiptReplay. A cross-shard receipt must not be consumed more than,KEEP,11,11,0,Definir propiedad 1,NoReceiptReplay. A cross-shard receipt must not be consumed more than once.,Resultados por propiedad,"06.06, 06.17",NONE,"Mantener esta definición completa, con su alcance y condiciones.",Párrafo o entrada sustantiva,https://github.com/kapumota/dtl-lab/blob/5195d94b2ade1933a726d1d2106cc35a11c37f47/manuscript/paper1/sections/03-cross-shard-model.tex
03.21b,Cross-Shard Transaction Model,Evaluated protocol properties,manuscript/paper1/sections/03-cross-shard-model.tex,97-98,DestinationCreditRequiresValidReceipt. Destination-side credit requires a receipt accepted as valid by,KEEP,12,12,0,Definir propiedad 2,DestinationCreditRequiresValidReceipt. Destination-side credit requires a receipt accepted as valid by the protocol.,Resultados por propiedad,"06.06, 06.17",NONE,"Mantener esta definición completa, con su alcance y condiciones.",Párrafo o entrada sustantiva,https://github.com/kapumota/dtl-lab/blob/5195d94b2ade1933a726d1d2106cc35a11c37f47/manuscript/paper1/sections/03-cross-shard-model.tex
03.21c,Cross-Shard Transaction Model,Evaluated protocol properties,manuscript/paper1/sections/03-cross-shard-model.tex,100-101,DecisionConsistency. A committed transfer must not simultaneously be represented as,KEEP,20,20,0,Definir propiedad 3,DecisionConsistency. A committed transfer must not simultaneously be represented as having released its source funds through an abort-like terminal outcome.,Resultados por propiedad,"06.06, 06.17",NONE,"Mantener esta definición completa, con su alcance y condiciones.",Párrafo o entrada sustantiva,https://github.com/kapumota/dtl-lab/blob/5195d94b2ade1933a726d1d2106cc35a11c37f47/manuscript/paper1/sections/03-cross-shard-model.tex
03.21d,Cross-Shard Transaction Model,Evaluated protocol properties,manuscript/paper1/sections/03-cross-shard-model.tex,103-104,"NoValueLossAtTermination. At a terminal state, transferred value must either have",KEEP,22,22,0,Definir propiedad 4,"NoValueLossAtTermination. At a terminal state, transferred value must either have been committed to the destination or remain recoverable on the source side.",Resultados por propiedad,"06.06, 06.17",NONE,"Mantener esta definición completa, con su alcance y condiciones.",Párrafo o entrada sustantiva,https://github.com/kapumota/dtl-lab/blob/5195d94b2ade1933a726d1d2106cc35a11c37f47/manuscript/paper1/sections/03-cross-shard-model.tex
03.21e,Cross-Shard Transaction Model,Evaluated protocol properties,manuscript/paper1/sections/03-cross-shard-model.tex,106-107,"TerminalStateIrreversibility. Once the protocol reaches its first terminal decision, a",KEEP,22,22,0,Definir propiedad 5,"TerminalStateIrreversibility. Once the protocol reaches its first terminal decision, a later execution step must not replace it with an incompatible terminal outcome.",Resultados por propiedad,"06.06, 06.17",NONE,"Mantener esta definición completa, con su alcance y condiciones.",Párrafo o entrada sustantiva,https://github.com/kapumota/dtl-lab/blob/5195d94b2ade1933a726d1d2106cc35a11c37f47/manuscript/paper1/sections/03-cross-shard-model.tex
03.21f,Cross-Shard Transaction Model,Evaluated protocol properties,manuscript/paper1/sections/03-cross-shard-model.tex,109-110,EventuallyReleasedAfterTimeout. An abstract transfer represented as Aborted must have released,KEEP,28,28,0,Definir propiedad 6,EventuallyReleasedAfterTimeout. An abstract transfer represented as Aborted must have released its source funds. This property captures the release obligation associated with the modeled timeout and non-commit terminal behavior.,Resultados por propiedad,"06.06, 06.17",NONE,"Mantener esta definición completa, con su alcance y condiciones.",Párrafo o entrada sustantiva,https://github.com/kapumota/dtl-lab/blob/5195d94b2ade1933a726d1d2106cc35a11c37f47/manuscript/paper1/sections/03-cross-shard-model.tex
03.21g,Cross-Shard Transaction Model,Evaluated protocol properties,manuscript/paper1/sections/03-cross-shard-model.tex,112-113,QuorumRequired. A commit requires the relevant validator quorum. TLA+ parameterizes,KEEP,25,25,0,Definir propiedad 7,"QuorumRequired. A commit requires the relevant validator quorum. TLA+ parameterizes this threshold through Quorum, whereas the evaluated Alloy model requires at least two validator votes.",Resultados por propiedad,"06.06, 06.17",NONE,"Mantener esta definición completa, con su alcance y condiciones.",Párrafo o entrada sustantiva,https://github.com/kapumota/dtl-lab/blob/5195d94b2ade1933a726d1d2106cc35a11c37f47/manuscript/paper1/sections/03-cross-shard-model.tex
03.22,Cross-Shard Transaction Model,Evaluated protocol properties,manuscript/paper1/sections/03-cross-shard-model.tex,117,"These properties cover replay protection, destination authorization, decision consistency, conservation",COMPRESS,38,18,20,Conectar propiedades con evaluación,Uso del mismo conjunto en modelos válidos y mutantes,Nombres y funciones de propiedades,03.21,LOW,Quitar segunda enumeración y conservar conexión experimental,Párrafo o entrada sustantiva,https://github.com/kapumota/dtl-lab/blob/5195d94b2ade1933a726d1d2106cc35a11c37f47/manuscript/paper1/sections/03-cross-shard-model.tex
03.23,Cross-Shard Transaction Model,Scope of the model,manuscript/paper1/sections/03-cross-shard-model.tex,122,The model deliberately excludes several concerns.,DELETE_REDUNDANT,6,0,6,Introducir exclusiones,"Ninguna, encabezado ya anuncia scope",Título Scope of the model,03.24,NONE,Eliminar frase vacía sin contenido técnico,Párrafo o entrada sustantiva,https://github.com/kapumota/dtl-lab/blob/5195d94b2ade1933a726d1d2106cc35a11c37f47/manuscript/paper1/sections/03-cross-shard-model.tex
03.24,Cross-Shard Transaction Model,Scope of the model,manuscript/paper1/sections/03-cross-shard-model.tex,124,"First, receipt authenticity is abstracted rather than derived from a",COMPRESS,83,65,18,Delimitar alcance,Eventos de red proyectados como stuttering,"Autenticidad, consenso y tiempo lógico",03.04,LOW,Remitir a supuestos pero conservar stuttering y red acotada,Párrafo o entrada sustantiva,https://github.com/kapumota/dtl-lab/blob/5195d94b2ade1933a726d1d2106cc35a11c37f47/manuscript/paper1/sections/03-cross-shard-model.tex
03.25,Cross-Shard Transaction Model,Scope of the model,manuscript/paper1/sections/03-cross-shard-model.tex,126,"Most importantly, both formal representations operate over finite configurations. Absence",COMPRESS,38,27,11,Limitar inferencia formal,Ausencia acotada de contraejemplos,Límite formal,"04.08, 08.28",LOW,Mantener una oración canónica local,Párrafo o entrada sustantiva,https://github.com/kapumota/dtl-lab/blob/5195d94b2ade1933a726d1d2106cc35a11c37f47/manuscript/paper1/sections/03-cross-shard-model.tex
03.26,Cross-Shard Transaction Model,Scope of the model,manuscript/paper1/sections/03-cross-shard-model.tex,128,The relationship between the Java implementation and the formal model,COMPRESS,36,25,11,Separar relación implementación/modelo,Conformance separado y no refinement/equivalencia,Límite RQ3,"04.14, 07.14",LOW,Conservar frontera y remitir al método,Párrafo o entrada sustantiva,https://github.com/kapumota/dtl-lab/blob/5195d94b2ade1933a726d1d2106cc35a11c37f47/manuscript/paper1/sections/03-cross-shard-model.tex
04.01,Research Methodology,Study design,manuscript/paper1/sections/04-research-methodology.tex,7,This study evaluates a cross-shard commit protocol through a multi-method,COMPRESS,30,22,8,Definir diseño multimétodo,Objeto de evaluación y métodos,Introducción y capas,"01.06, 04.19-04.40",LOW,Abrir sin desarrollar cada capa,Párrafo o entrada sustantiva,https://github.com/kapumota/dtl-lab/blob/5195d94b2ade1933a726d1d2106cc35a11c37f47/manuscript/paper1/sections/04-research-methodology.tex
04.02,Research Methodology,Study design,manuscript/paper1/sections/04-research-methodology.tex,9,The design was frozen before the definitive experimental campaign. Research,KEEP,49,49,0,Fijar protocolo previo,Momento del freeze y nueva versión ante cambios,Protocolo concreto,05.01,NONE,Mantener regla contra adaptación post hoc,Párrafo o entrada sustantiva,https://github.com/kapumota/dtl-lab/blob/5195d94b2ade1933a726d1d2106cc35a11c37f47/manuscript/paper1/sections/04-research-methodology.tex
04.03,Research Methodology,Study design,manuscript/paper1/sections/04-research-methodology.tex,11,The methodology addresses four complementary questions. RQ1 evaluates the valid,MERGE,61,28,33,Relacionar RQ con métodos,Mapa global de cuatro preguntas,RQ e hipótesis y capas,04.06-04.40,LOW,Integrar en 04.01 sin repetir cuatro descripciones extensas,Párrafo o entrada sustantiva,https://github.com/kapumota/dtl-lab/blob/5195d94b2ade1933a726d1d2106cc35a11c37f47/manuscript/paper1/sections/04-research-methodology.tex
04.04,Research Methodology,Study design,manuscript/paper1/sections/04-research-methodology.tex,13,This combination is intended to avoid relying on a single,MERGE,40,20,20,Justificar triangulación,Una evidencia no basta,Triangulación,04.42-04.47,LOW,Integrar justificación en cierre de Study design,Párrafo o entrada sustantiva,https://github.com/kapumota/dtl-lab/blob/5195d94b2ade1933a726d1d2106cc35a11c37f47/manuscript/paper1/sections/04-research-methodology.tex
04.05,Research Methodology,Research questions and hypotheses,manuscript/paper1/sections/04-research-methodology.tex,18,The study addresses the following research questions and preregistered hypotheses.,DELETE_REDUNDANT,10,0,10,Anunciar RQ/H,Ninguna adicional al título,Encabezado Research questions and hypotheses,04.06-04.16,NONE,Eliminar presentación vacía,Párrafo o entrada sustantiva,https://github.com/kapumota/dtl-lab/blob/5195d94b2ade1933a726d1d2106cc35a11c37f47/manuscript/paper1/sections/04-research-methodology.tex
04.06,Research Methodology,Research questions and hypotheses / RQ1: Preservation of declared properties.,manuscript/paper1/sections/04-research-methodology.tex,22,Does the cross-shard commit protocol preserve the declared properties under,KEEP,17,17,0,Formular RQ1,Propiedades e interleavings bajo bounds,RQ introductoria,01.05,NONE,Conservar pregunta junto a H1,Párrafo o entrada sustantiva,https://github.com/kapumota/dtl-lab/blob/5195d94b2ade1933a726d1d2106cc35a11c37f47/manuscript/paper1/sections/04-research-methodology.tex
04.07,Research Methodology,Research questions and hypotheses / RQ1: Preservation of declared properties.,manuscript/paper1/sections/04-research-methodology.tex,24-28,The corresponding hypothesis is: H1. Valid models produce no property,KEEP,15,15,0,Declarar H1,Hipótesis preregistrada literal,Respuesta a H1,06.12,NONE,No reescribir hipótesis después de resultados,Hipótesis o cadena con introducción,https://github.com/kapumota/dtl-lab/blob/5195d94b2ade1933a726d1d2106cc35a11c37f47/manuscript/paper1/sections/04-research-methodology.tex
04.08,Research Methodology,Research questions and hypotheses / RQ1: Preservation of declared properties.,manuscript/paper1/sections/04-research-methodology.tex,30,RQ1 concerns bounded model behavior. Completion without a counterexample is,COMPRESS,29,23,6,Precisar interpretación H1,Unidad propiedad/herramienta/configuración/bound,Boundedness general,"03.25, 04.22",LOW,Mantener condicionamiento de la inferencia,Párrafo o entrada sustantiva,https://github.com/kapumota/dtl-lab/blob/5195d94b2ade1933a726d1d2106cc35a11c37f47/manuscript/paper1/sections/04-research-methodology.tex
04.09,Research Methodology,Research questions and hypotheses / RQ2: Defect-detection capability.,manuscript/paper1/sections/04-research-methodology.tex,34,Do TLC and Alloy detect predefined scientific mutations that remove,KEEP,15,15,0,Formular RQ2,Detección de controles removidos,Pregunta introductoria,01.05,NONE,Conservar junto a H2,Párrafo o entrada sustantiva,https://github.com/kapumota/dtl-lab/blob/5195d94b2ade1933a726d1d2106cc35a11c37f47/manuscript/paper1/sections/04-research-methodology.tex
04.10,Research Methodology,Research questions and hypotheses / RQ2: Defect-detection capability.,manuscript/paper1/sections/04-research-methodology.tex,36-40,The corresponding hypothesis is: H2. Each scientific mutant produces a,KEEP,16,16,0,Declarar H2,Violación de propiedad designada,Criterio detector,04.26,NONE,Hipótesis debe seguir explícita,Hipótesis o cadena con introducción,https://github.com/kapumota/dtl-lab/blob/5195d94b2ade1933a726d1d2106cc35a11c37f47/manuscript/paper1/sections/04-research-methodology.tex
04.11,Research Methodology,Research questions and hypotheses / RQ2: Defect-detection capability.,manuscript/paper1/sections/04-research-methodology.tex,42,RQ2 evaluates the sensitivity of the property suite to deliberately,COMPRESS,35,25,10,Definir detección,Target obligatorio y otras violaciones posibles,Regla de detección,04.26,LOW,Retener admisión de violaciones adicionales,Párrafo o entrada sustantiva,https://github.com/kapumota/dtl-lab/blob/5195d94b2ade1933a726d1d2106cc35a11c37f47/manuscript/paper1/sections/04-research-methodology.tex
04.12,Research Methodology,Research questions and hypotheses / RQ3: Bounded implementation-model trace conformance.,manuscript/paper1/sections/04-research-methodology.tex,46,Do observable traces produced by the Java implementation correspond to,KEEP,23,23,0,Formular RQ3,Secuencias Java admitidas por TLA+,Pregunta introductoria,01.05,NONE,Mantener tool y alcance,Párrafo o entrada sustantiva,https://github.com/kapumota/dtl-lab/blob/5195d94b2ade1933a726d1d2106cc35a11c37f47/manuscript/paper1/sections/04-research-methodology.tex
04.13,Research Methodology,Research questions and hypotheses / RQ3: Bounded implementation-model trace conformance.,manuscript/paper1/sections/04-research-methodology.tex,48-52,The corresponding hypothesis is: H3. Valid traces are accepted and,KEEP,18,18,0,Declarar H3,Aceptación y rechazo en punto esperado,Clasificación y diagnóstico,04.34-04.35,NONE,Hipótesis debe incluir punto de rechazo,Hipótesis o cadena con introducción,https://github.com/kapumota/dtl-lab/blob/5195d94b2ade1933a726d1d2106cc35a11c37f47/manuscript/paper1/sections/04-research-methodology.tex
04.14,Research Methodology,Research questions and hypotheses / RQ3: Bounded implementation-model trace conformance.,manuscript/paper1/sections/04-research-methodology.tex,54,RQ3 is interpreted as bounded implementation-model trace conformance. It does,KEEP,27,27,0,Limitar H3,No refinement ni behavioral equivalence,Threats y Discussion,"07.14, 08.05",NONE,Límite canónico próximo a la pregunta,Párrafo o entrada sustantiva,https://github.com/kapumota/dtl-lab/blob/5195d94b2ade1933a726d1d2106cc35a11c37f47/manuscript/paper1/sections/04-research-methodology.tex
04.15,Research Methodology,Research questions and hypotheses / RQ4: Verification cost.,manuscript/paper1/sections/04-research-methodology.tex,58,"How does verification cost change as the number of shards,",KEEP,17,17,0,Formular RQ4,Factores y coste,Pregunta introductoria,01.05,NONE,Conservar pregunta sin prometer una ley,Párrafo o entrada sustantiva,https://github.com/kapumota/dtl-lab/blob/5195d94b2ade1933a726d1d2106cc35a11c37f47/manuscript/paper1/sections/04-research-methodology.tex
04.16,Research Methodology,Research questions and hypotheses / RQ4: Verification cost.,manuscript/paper1/sections/04-research-methodology.tex,60-64,The preregistered hypothesis is: H4. Model-checking cost grows nonlinearly with,KEEP,17,17,0,Declarar H4 original,Hipótesis nonlinear preregistrada,H4 no confirmada,06.54,NONE,Nunca reemplazarla retrospectivamente por monotonicidad,Hipótesis o cadena con introducción,https://github.com/kapumota/dtl-lab/blob/5195d94b2ade1933a726d1d2106cc35a11c37f47/manuscript/paper1/sections/04-research-methodology.tex
04.17,Research Methodology,Research questions and hypotheses / RQ4: Verification cost.,manuscript/paper1/sections/04-research-methodology.tex,66,H4 is treated as an empirical hypothesis rather than an,COMPRESS,30,22,8,Distinguir hipótesis de supuesto,H4 depende de evidencia observada,Límite de inferencia,06.53,LOW,Retener distinción y quitar redundancia verbal,Párrafo o entrada sustantiva,https://github.com/kapumota/dtl-lab/blob/5195d94b2ade1933a726d1d2106cc35a11c37f47/manuscript/paper1/sections/04-research-methodology.tex
04.18,Research Methodology,Methodological layers,manuscript/paper1/sections/04-research-methodology.tex,71,The four research questions form three verification and validation layers,COMPRESS,14,10,4,Organizar capas,Tres capas de validación y una de coste,Mapa de RQ,04.03,LOW,Una línea suficiente,Párrafo o entrada sustantiva,https://github.com/kapumota/dtl-lab/blob/5195d94b2ade1933a726d1d2106cc35a11c37f47/manuscript/paper1/sections/04-research-methodology.tex
04.19,Research Methodology,Methodological layers / Bounded property-verification layer,manuscript/paper1/sections/04-research-methodology.tex,75,RQ1 evaluates the valid TLA+ and Alloy specifications against the,MERGE,16,12,4,Definir objeto RQ1,Siete propiedades válidas,Definiciones del modelo,03.21,LOW,Integrar con unidad experimental 04.20,Párrafo o entrada sustantiva,https://github.com/kapumota/dtl-lab/blob/5195d94b2ade1933a726d1d2106cc35a11c37f47/manuscript/paper1/sections/04-research-methodology.tex
04.20,Research Methodology,Methodological layers / Bounded property-verification layer,manuscript/paper1/sections/04-research-methodology.tex,77-84,The experimental unit consists of: a protocol property; a formal,KEEP,17,17,0,Definir unidad RQ1,"Propiedad, herramienta, configuración, repetición",Factores concretos,05.04,NONE,Mantener cada componente,Lista con introducción,https://github.com/kapumota/dtl-lab/blob/5195d94b2ade1933a726d1d2106cc35a11c37f47/manuscript/paper1/sections/04-research-methodology.tex
04.21,Research Methodology,Methodological layers / Bounded property-verification layer,manuscript/paper1/sections/04-research-methodology.tex,86,"The response variables include property outcome, state-space information when exposed",COMPRESS,27,22,5,Definir variables RQ1,"Resultados, recursos, exit y contraejemplo",Campos exactos,05.32-05.33,LOW,Agrupar variables conservando familias y remisión,Párrafo o entrada sustantiva,https://github.com/kapumota/dtl-lab/blob/5195d94b2ade1933a726d1d2106cc35a11c37f47/manuscript/paper1/sections/04-research-methodology.tex
04.22,Research Methodology,Methodological layers / Bounded property-verification layer,manuscript/paper1/sections/04-research-methodology.tex,88,A completed execution without a counterexample provides evidence only within,COMPRESS,30,24,6,Definir validez de ejecución,Completadas vs timeout/OOM,Política detallada,05.36-05.38,LOW,Mantener que censura no es verificación exitosa,Párrafo o entrada sustantiva,https://github.com/kapumota/dtl-lab/blob/5195d94b2ade1933a726d1d2106cc35a11c37f47/manuscript/paper1/sections/04-research-methodology.tex
04.23,Research Methodology,Methodological layers / Mutation-based property validation layer,manuscript/paper1/sections/04-research-methodology.tex,92,RQ2 evaluates scientific mutants designed to remove specific protocol controls.,MERGE,10,6,4,Introducir RQ2,Mutantes científicos,Objeto de H2,04.09-04.11,LOW,Integrar en 04.25,Párrafo o entrada sustantiva,https://github.com/kapumota/dtl-lab/blob/5195d94b2ade1933a726d1d2106cc35a11c37f47/manuscript/paper1/sections/04-research-methodology.tex
04.24,Research Methodology,Methodological layers / Mutation-based property validation layer,manuscript/paper1/sections/04-research-methodology.tex,94-102,The evaluated defect classes are: removal of replay protection; destination,COMPRESS,31,18,13,Definir clases de defecto,Cinco controles intervenidos,Catálogo y tabla de mutantes,"05.14, 06.17",LOW,Enumeración compacta con referencia al catálogo concreto,Lista con introducción,https://github.com/kapumota/dtl-lab/blob/5195d94b2ade1933a726d1d2106cc35a11c37f47/manuscript/paper1/sections/04-research-methodology.tex
04.25,Research Methodology,Methodological layers / Mutation-based property validation layer,manuscript/paper1/sections/04-research-methodology.tex,104-111,The experimental unit consists of: a scientific mutant; a formal,KEEP,17,17,0,Definir unidad RQ2,"Mutante, herramienta, configuración y repetición",Repeticiones del diseño,05.15,NONE,Conservar unidad para evitar pseudorreplicación,Lista con introducción,https://github.com/kapumota/dtl-lab/blob/5195d94b2ade1933a726d1d2106cc35a11c37f47/manuscript/paper1/sections/04-research-methodology.tex
04.26,Research Methodology,Methodological layers / Mutation-based property validation layer,manuscript/paper1/sections/04-research-methodology.tex,113,Each mutant has one predefined target property. Detection is credited,MERGE,17,12,5,Fijar crédito de detección,Solo target predefinido,Definición canónica,04.11,LOW,Integrar criterio con unidad 04.25,Párrafo o entrada sustantiva,https://github.com/kapumota/dtl-lab/blob/5195d94b2ade1933a726d1d2106cc35a11c37f47/manuscript/paper1/sections/04-research-methodology.tex
04.27,Research Methodology,Methodological layers / Mutation-based property validation layer,manuscript/paper1/sections/04-research-methodology.tex,115-123,"The principal aggregate measure is the mutation score, MutationScore =",KEEP,13,13,0,Definir MutationScore,Cociente detectados/mutantes,Aplicación numérica,06.15,NONE,Conservar ecuación y significado,Ecuación con introducción,https://github.com/kapumota/dtl-lab/blob/5195d94b2ade1933a726d1d2106cc35a11c37f47/manuscript/paper1/sections/04-research-methodology.tex
04.28,Research Methodology,Methodological layers / Mutation-based property validation layer,manuscript/paper1/sections/04-research-methodology.tex,125,where (N_ detected ) is the number of predefined mutants,KEEP,24,24,0,Definir denominador/numerador,Conteo por mutante detectado por su target,Regla target,04.11,NONE,No confundir 10 mutantes con 100 runs,Párrafo o entrada sustantiva,https://github.com/kapumota/dtl-lab/blob/5195d94b2ade1933a726d1d2106cc35a11c37f47/manuscript/paper1/sections/04-research-methodology.tex
04.29,Research Methodology,Methodological layers / Mutation-based property validation layer,manuscript/paper1/sections/04-research-methodology.tex,127,The mutation score is restricted to the predefined mutant catalogue,KEEP,25,25,0,Limitar MutationScore,No completitud para todo defecto,Amenaza de muestreo,08.30,NONE,Conservar límite junto a definición,Párrafo o entrada sustantiva,https://github.com/kapumota/dtl-lab/blob/5195d94b2ade1933a726d1d2106cc35a11c37f47/manuscript/paper1/sections/04-research-methodology.tex
04.30,Research Methodology,Methodological layers / Bounded implementation-model trace-conformance layer,manuscript/paper1/sections/04-research-methodology.tex,131,RQ3 evaluates traces generated by the Java implementation.,MERGE,8,5,3,Introducir trazas,Procedencia Java,Pregunta RQ3,04.12,LOW,Integrar en proyección 04.31,Párrafo o entrada sustantiva,https://github.com/kapumota/dtl-lab/blob/5195d94b2ade1933a726d1d2106cc35a11c37f47/manuscript/paper1/sections/04-research-methodology.tex
04.31,Research Methodology,Methodological layers / Bounded implementation-model trace-conformance layer,manuscript/paper1/sections/04-research-methodology.tex,133,Concrete protocol executions are recorded deterministically and projected through the,KEEP,32,32,0,Definir proyección observable,Registro determinista y mapa Java-TLA+,Proyección del modelo,03.17,NONE,Referencia semántica necesaria,Párrafo o entrada sustantiva,https://github.com/kapumota/dtl-lab/blob/5195d94b2ade1933a726d1d2106cc35a11c37f47/manuscript/paper1/sections/04-research-methodology.tex
04.32,Research Methodology,Methodological layers / Bounded implementation-model trace-conformance layer,manuscript/paper1/sections/04-research-methodology.tex,135-141,The experimental unit consists of: a valid scenario or negative,KEEP,19,19,0,Definir unidad RQ3,Caso/semilla/replay,Diseño multiseed,05.17-05.21,NONE,Conservar diferencia con repeticiones temporales,Lista con introducción,https://github.com/kapumota/dtl-lab/blob/5195d94b2ade1933a726d1d2106cc35a11c37f47/manuscript/paper1/sections/04-research-methodology.tex
04.33,Research Methodology,Methodological layers / Bounded implementation-model trace-conformance layer,manuscript/paper1/sections/04-research-methodology.tex,143-148,Two trace classes are evaluated: valid traces generated from supported,KEEP,20,20,0,Definir poblaciones,Trazas válidas y corrupción predefinida,Catálogos de resultados,06.32-06.33,NONE,Necesario para interpretar rechazo,Lista con introducción,https://github.com/kapumota/dtl-lab/blob/5195d94b2ade1933a726d1d2106cc35a11c37f47/manuscript/paper1/sections/04-research-methodology.tex
04.34,Research Methodology,Methodological layers / Bounded implementation-model trace-conformance layer,manuscript/paper1/sections/04-research-methodology.tex,150,A valid trace is successfully classified when the projected action,KEEP,32,32,0,Definir clasificación correcta,Aceptación válida y rechazo esperado,H3,04.13,NONE,Criterio científico central,Párrafo o entrada sustantiva,https://github.com/kapumota/dtl-lab/blob/5195d94b2ade1933a726d1d2106cc35a11c37f47/manuscript/paper1/sections/04-research-methodology.tex
04.35,Research Methodology,Methodological layers / Bounded implementation-model trace-conformance layer,manuscript/paper1/sections/04-research-methodology.tex,152,"For negative traces, the methodology also checks whether the observed",KEEP,23,23,0,Definir diagnóstico,"Paso abstracto, concreto, acción e ID",Campos de resultados,05.35,NONE,No reducir diagnóstico a fallo genérico,Párrafo o entrada sustantiva,https://github.com/kapumota/dtl-lab/blob/5195d94b2ade1933a726d1d2106cc35a11c37f47/manuscript/paper1/sections/04-research-methodology.tex
04.36,Research Methodology,Methodological layers / Bounded implementation-model trace-conformance layer,manuscript/paper1/sections/04-research-methodology.tex,154,This procedure evaluates a finite catalogue of scenarios and mutations.,COMPRESS,23,15,8,Delimitar catálogo,Finitud de escenarios y mutaciones,Frontera RQ3,04.14,LOW,Recordatorio breve con referencia,Párrafo o entrada sustantiva,https://github.com/kapumota/dtl-lab/blob/5195d94b2ade1933a726d1d2106cc35a11c37f47/manuscript/paper1/sections/04-research-methodology.tex
04.37,Research Methodology,Methodological layers / Verification-cost characterization layer,manuscript/paper1/sections/04-research-methodology.tex,158,RQ4 characterizes the computational cost of bounded verification.,MERGE,8,5,3,Introducir RQ4,Coste acotado,Pregunta RQ4,04.15,LOW,Integrar en unidad 04.38,Párrafo o entrada sustantiva,https://github.com/kapumota/dtl-lab/blob/5195d94b2ade1933a726d1d2106cc35a11c37f47/manuscript/paper1/sections/04-research-methodology.tex
04.38,Research Methodology,Methodological layers / Verification-cost characterization layer,manuscript/paper1/sections/04-research-methodology.tex,160-167,The experimental unit consists of: a formal tool; a bound,KEEP,19,19,0,Definir unidad RQ4,"Herramienta, perfil, fault profile y repetición",Diseño concreto,05.04,NONE,Mantener todos los componentes,Lista con introducción,https://github.com/kapumota/dtl-lab/blob/5195d94b2ade1933a726d1d2106cc35a11c37f47/manuscript/paper1/sections/04-research-methodology.tex
04.39,Research Methodology,Methodological layers / Verification-cost characterization layer,manuscript/paper1/sections/04-research-methodology.tex,169-179,The principal response variables are: elapsed execution time; maximum resident,KEEP,29,29,0,Definir respuestas RQ4,"Tiempo, RSS, estados, depth/scope, censura, ratios",Campos exactos,05.32-05.33,NONE,Lista ya compacta y metodológicamente útil,Lista con introducción,https://github.com/kapumota/dtl-lab/blob/5195d94b2ade1933a726d1d2106cc35a11c37f47/manuscript/paper1/sections/04-research-methodology.tex
04.40,Research Methodology,Methodological layers / Verification-cost characterization layer,manuscript/paper1/sections/04-research-methodology.tex,181,TLC and Alloy expose different state representations and exploration semantics.,COMPRESS,32,25,7,Limitar comparación RQ4,Análisis dentro de cada herramienta,Threats de comparabilidad,08.03-08.04,LOW,Mantener razón semántica,Párrafo o entrada sustantiva,https://github.com/kapumota/dtl-lab/blob/5195d94b2ade1933a726d1d2106cc35a11c37f47/manuscript/paper1/sections/04-research-methodology.tex
04.41,Research Methodology,Triangulation of evidence,manuscript/paper1/sections/04-research-methodology.tex,186,The methodological layers address different failure modes in the scientific,MERGE,11,7,4,Introducir triangulación,Diferentes fallos argumentativos,Estudio multimétodo,04.04,LOW,Integrar en explicación 04.42,Párrafo o entrada sustantiva,https://github.com/kapumota/dtl-lab/blob/5195d94b2ade1933a726d1d2106cc35a11c37f47/manuscript/paper1/sections/04-research-methodology.tex
04.42,Research Methodology,Triangulation of evidence,manuscript/paper1/sections/04-research-methodology.tex,188,RQ1 asks whether the valid bounded models exhibit violations of,COMPRESS,32,24,8,Conectar RQ1/RQ2,Ausencia de contraejemplo no prueba sensibilidad,Discussion,07.05-07.06,LOW,Conservar vínculo lógico,Párrafo o entrada sustantiva,https://github.com/kapumota/dtl-lab/blob/5195d94b2ade1933a726d1d2106cc35a11c37f47/manuscript/paper1/sections/04-research-methodology.tex
04.43,Research Methodology,Triangulation of evidence,manuscript/paper1/sections/04-research-methodology.tex,190,RQ2 therefore introduces deliberately defective models and evaluates whether their,MERGE,15,10,5,Explicar control por mutación,Debilitamiento y target,Definición RQ2,04.11,LOW,Fusionar con 04.42,Párrafo o entrada sustantiva,https://github.com/kapumota/dtl-lab/blob/5195d94b2ade1933a726d1d2106cc35a11c37f47/manuscript/paper1/sections/04-research-methodology.tex
04.44,Research Methodology,Triangulation of evidence,manuscript/paper1/sections/04-research-methodology.tex,192,RQ3 addresses a different limitation: evidence obtained only from formal,COMPRESS,48,28,20,Conectar formal e implementación,Modelos solos no garantizan correspondencia Java,Definición RQ3,04.31-04.35,LOW,Mantener función lógica sin redescribir replay,Párrafo o entrada sustantiva,https://github.com/kapumota/dtl-lab/blob/5195d94b2ade1933a726d1d2106cc35a11c37f47/manuscript/paper1/sections/04-research-methodology.tex
04.45,Research Methodology,Triangulation of evidence,manuscript/paper1/sections/04-research-methodology.tex,194,RQ4 then characterizes the computational conditions under which the bounded,MERGE,15,9,6,Conectar coste con evidencia,Condiciones computacionales de obtención,Unidad RQ4,04.38,LOW,Integrar en 04.44 como cierre,Párrafo o entrada sustantiva,https://github.com/kapumota/dtl-lab/blob/5195d94b2ade1933a726d1d2106cc35a11c37f47/manuscript/paper1/sections/04-research-methodology.tex
04.46,Research Methodology,Triangulation of evidence,manuscript/paper1/sections/04-research-methodology.tex,196-210,The resulting methodological structure can be summarized as: valid formal,COMPRESS,21,10,11,Sintetizar correspondencias,Mapa RQ1-RQ4,Explicación inmediatamente anterior,04.42-04.45,LOW,Pasar ecuación de correspondencias a texto breve,Ecuación con introducción,https://github.com/kapumota/dtl-lab/blob/5195d94b2ade1933a726d1d2106cc35a11c37f47/manuscript/paper1/sections/04-research-methodology.tex
04.47,Research Methodology,Triangulation of evidence,manuscript/paper1/sections/04-research-methodology.tex,212,The first three layers provide complementary evidence about bounded property,MERGE,28,15,13,Cerrar triangulación,Complementariedad y envelope de coste,Inicio de capas,"04.18, 04.42-04.45",LOW,Fusionar cierre sin recapitular cada capa,Párrafo o entrada sustantiva,https://github.com/kapumota/dtl-lab/blob/5195d94b2ade1933a726d1d2106cc35a11c37f47/manuscript/paper1/sections/04-research-methodology.tex
04.48,Research Methodology,Treatment of incomplete executions,manuscript/paper1/sections/04-research-methodology.tex,217,"Experimental outcomes are retained according to their observed status. Timeout,",COMPRESS,27,18,9,Declarar política de outcomes,Retención aun si desfavorables,Reglas operativas,05.36-05.38,LOW,Mantener principio y remitir a diseño,Párrafo o entrada sustantiva,https://github.com/kapumota/dtl-lab/blob/5195d94b2ade1933a726d1d2106cc35a11c37f47/manuscript/paper1/sections/04-research-methodology.tex
04.49,Research Methodology,Treatment of incomplete executions,manuscript/paper1/sections/04-research-methodology.tex,219,A failed instrumentation attempt may be repeated only under the,COMPRESS,33,20,13,Limitar reintentos,Solo instrumentación según protocolo,Regla concreta,05.38,LOW,Conservar prohibición de repetir por resultado,Párrafo o entrada sustantiva,https://github.com/kapumota/dtl-lab/blob/5195d94b2ade1933a726d1d2106cc35a11c37f47/manuscript/paper1/sections/04-research-methodology.tex
04.50,Research Methodology,Treatment of incomplete executions,manuscript/paper1/sections/04-research-methodology.tex,221,Timeout and out-of-memory observations are retained as censored results. They,COMPRESS,25,20,5,Definir censura,Sin valores artificiales ni éxito imputado,Política completa,05.37,LOW,Mantener núcleo metodológico,Párrafo o entrada sustantiva,https://github.com/kapumota/dtl-lab/blob/5195d94b2ade1933a726d1d2106cc35a11c37f47/manuscript/paper1/sections/04-research-methodology.tex
04.51,Research Methodology,Treatment of incomplete executions,manuscript/paper1/sections/04-research-methodology.tex,223,This policy prevents incomplete runs from being silently converted into,MERGE,12,6,6,Explicar finalidad de censura,Evitar convertir incompletos en positivos,04.48 y 04.50,"04.48, 04.50",LOW,Integrar finalidad en párrafo anterior,Párrafo o entrada sustantiva,https://github.com/kapumota/dtl-lab/blob/5195d94b2ade1933a726d1d2106cc35a11c37f47/manuscript/paper1/sections/04-research-methodology.tex
04.52,Research Methodology,Interpretation boundaries,manuscript/paper1/sections/04-research-methodology.tex,228,The study adopts explicit boundaries for interpretation.,DELETE_REDUNDANT,7,0,7,Introducir límites,Ninguna adicional al encabezado,Título Interpretation boundaries,04.53-04.57,NONE,Eliminar frase introductoria vacía,Párrafo o entrada sustantiva,https://github.com/kapumota/dtl-lab/blob/5195d94b2ade1933a726d1d2106cc35a11c37f47/manuscript/paper1/sections/04-research-methodology.tex
04.53,Research Methodology,Interpretation boundaries,manuscript/paper1/sections/04-research-methodology.tex,230,"First, model checking is bounded by the finite configurations and",COMPRESS,30,18,12,Recordar límite formal,Boundedness,Definición RQ1,04.08,LOW,Recordatorio corto con referencia canónica,Párrafo o entrada sustantiva,https://github.com/kapumota/dtl-lab/blob/5195d94b2ade1933a726d1d2106cc35a11c37f47/manuscript/paper1/sections/04-research-methodology.tex
04.54,Research Methodology,Interpretation boundaries,manuscript/paper1/sections/04-research-methodology.tex,232,"Second, mutation analysis evaluates only the predefined scientific mutant catalogue",COMPRESS,19,12,7,Recordar límite de mutación,Catálogo no completo,Definición MutationScore,04.29,LOW,Conservar frontera en síntesis,Párrafo o entrada sustantiva,https://github.com/kapumota/dtl-lab/blob/5195d94b2ade1933a726d1d2106cc35a11c37f47/manuscript/paper1/sections/04-research-methodology.tex
04.55,Research Methodology,Interpretation boundaries,manuscript/paper1/sections/04-research-methodology.tex,234,"Third, trace replay evaluates bounded implementation-model conformance over the declared",COMPRESS,24,15,9,Recordar límite de conformance,No refinement/equivalencia,Definición RQ3,04.14,LOW,Conservar términos sin nueva explicación extensa,Párrafo o entrada sustantiva,https://github.com/kapumota/dtl-lab/blob/5195d94b2ade1933a726d1d2106cc35a11c37f47/manuscript/paper1/sections/04-research-methodology.tex
04.56,Research Methodology,Interpretation boundaries,manuscript/paper1/sections/04-research-methodology.tex,236,"Fourth, TLC and Alloy use different semantics and cost units.",COMPRESS,29,17,12,Recordar comparación válida,No superioridad TLC-Alloy,Definición RQ4,04.40,LOW,Reducir al límite esencial,Párrafo o entrada sustantiva,https://github.com/kapumota/dtl-lab/blob/5195d94b2ade1933a726d1d2106cc35a11c37f47/manuscript/paper1/sections/04-research-methodology.tex
04.57,Research Methodology,Interpretation boundaries,manuscript/paper1/sections/04-research-methodology.tex,238,"Finally, the evaluated configurations are abstractions of cross-shard transaction behavior.",COMPRESS,32,22,10,Limitar generalización,Modelos y ambiente no representan toda producción,Scope y External validity,"03.24, 08.18-08.26",LOW,Mantener alcance general en cierre compacto,Párrafo o entrada sustantiva,https://github.com/kapumota/dtl-lab/blob/5195d94b2ade1933a726d1d2106cc35a11c37f47/manuscript/paper1/sections/04-research-methodology.tex
05.01,Experimental Design,Frozen experimental protocol,manuscript/paper1/sections/05-experimental-design.tex,7-11,"The definitive experiment follows protocol paper1-q3-v1, which was frozen before",COMPRESS,35,27,8,Identificar protocolo,paper1-q3-v1 y freeze previo,Principio metodológico,04.02,LOW,Conservar identificador y resumir inventario de reglas,Párrafo o entrada sustantiva,https://github.com/kapumota/dtl-lab/blob/5195d94b2ade1933a726d1d2106cc35a11c37f47/manuscript/paper1/sections/05-experimental-design.tex
05.02,Experimental Design,Frozen experimental protocol,manuscript/paper1/sections/05-experimental-design.tex,13-17,The scientific baseline corresponds to release v1.1.0-rc.1. The frozen toolchain,KEEP,34,34,0,Fijar toolchain,Release y versiones concretas,Instrumentación repetida,05.26,NONE,Versiones necesarias para reproducir,Párrafo o entrada sustantiva,https://github.com/kapumota/dtl-lab/blob/5195d94b2ade1933a726d1d2106cc35a11c37f47/manuscript/paper1/sections/05-experimental-design.tex
05.03,Experimental Design,Frozen experimental protocol,manuscript/paper1/sections/05-experimental-design.tex,19-23,"The definitive design contains bounded property verification, scientific mutants, bounded",COMPRESS,39,24,15,Delimitar matriz definitiva,Prohibición de añadir configuraciones post hoc,Freeze y familias,"04.02, 05.04",LOW,Conservar regla y acortar inventario,Párrafo o entrada sustantiva,https://github.com/kapumota/dtl-lab/blob/5195d94b2ade1933a726d1d2106cc35a11c37f47/manuscript/paper1/sections/05-experimental-design.tex
05.04,Experimental Design,Configuration matrix,manuscript/paper1/sections/05-experimental-design.tex,28-38,The experimental matrix contains fourteen configuration families: six valid-model scalability,KEEP,53,53,0,Enumerar familias,6+2+2+4 familias,Expansión a tareas,05.05,NONE,Descomposición necesaria para revisar diseño,Lista con introducción,https://github.com/kapumota/dtl-lab/blob/5195d94b2ade1933a726d1d2106cc35a11c37f47/manuscript/paper1/sections/05-experimental-design.tex
05.05,Experimental Design,Configuration matrix,manuscript/paper1/sections/05-experimental-design.tex,40-44,"The fourteen frozen configuration families expand, according to their properties,",KEEP,38,38,0,Explicar tamaño campaña,1272 con warmups y case-seed RQ3,Overview Results,06.01,NONE,Mantener reglas de expansión,Párrafo o entrada sustantiva,https://github.com/kapumota/dtl-lab/blob/5195d94b2ade1933a726d1d2106cc35a11c37f47/manuscript/paper1/sections/05-experimental-design.tex
05.06,Experimental Design,Configuration matrix,manuscript/paper1/sections/05-experimental-design.tex,46-48,"Each task carries a protocol identifier, configuration identifier, tool, model",COMPRESS,20,16,4,Identificar registros,"IDs, configuración, seed/repetición y provenance",Campos de outputs,05.35,LOW,Agrupar metadata sin excluir identidad de tareas,Párrafo o entrada sustantiva,https://github.com/kapumota/dtl-lab/blob/5195d94b2ade1933a726d1d2106cc35a11c37f47/manuscript/paper1/sections/05-experimental-design.tex
05.07,Experimental Design,Bound profiles,manuscript/paper1/sections/05-experimental-design.tex,53-55,Three ordered profiles define the principal bounded scalability configurations. Table,COMPRESS,13,8,5,Introducir tabla,Tres perfiles ordenados,Tabla inmediata,05.08,NONE,Remisión breve suficiente,Párrafo o entrada sustantiva,https://github.com/kapumota/dtl-lab/blob/5195d94b2ade1933a726d1d2106cc35a11c37f47/manuscript/paper1/sections/05-experimental-design.tex
05.08,Experimental Design,Bound profiles,manuscript/paper1/sections/05-experimental-design.tex,57-79,Bound profiles used in the definitive experiment. Profile Shards Transfers,KEEP,42,42,0,Documentar bounds,Parámetros TLC y scopes Alloy separados,Texto aclaratorio,05.09,NONE,Mantener Tabla 1 completa y formato auditado,Tabla,https://github.com/kapumota/dtl-lab/blob/5195d94b2ade1933a726d1d2106cc35a11c37f47/manuscript/paper1/sections/05-experimental-design.tex
05.09,Experimental Design,Bound profiles,manuscript/paper1/sections/05-experimental-design.tex,81-88,"The profile records share the shard, transfer, and validator counts",KEEP,82,82,0,Aclarar semántica Tabla 1,Receipt/Message scopes y Alloy >=2 votos,Tabla parcial y propiedad quorum,"05.08, 03.21",NONE,No reabrir B2 ni borrar diferencias entre herramientas,Párrafo o entrada sustantiva,https://github.com/kapumota/dtl-lab/blob/5195d94b2ade1933a726d1d2106cc35a11c37f47/manuscript/paper1/sections/05-experimental-design.tex
05.10,Experimental Design,Bound profiles,manuscript/paper1/sections/05-experimental-design.tex,90-93,The profiles are experimental bundles rather than independent one-factor perturbations.,KEEP,24,24,0,Definir perfil compuesto,Factores varían simultáneamente,Consecuencia inferencial,05.11,NONE,Necesario para no atribuir causalidad a un factor,Párrafo o entrada sustantiva,https://github.com/kapumota/dtl-lab/blob/5195d94b2ade1933a726d1d2106cc35a11c37f47/manuscript/paper1/sections/05-experimental-design.tex
05.11,Experimental Design,Bound profiles,manuscript/paper1/sections/05-experimental-design.tex,95-97,"Consequently, profile-level cost changes are interpreted as changes associated with",MERGE,24,17,7,Limitar causalidad,Cambios asociados al bundle completo,Definición de perfiles,05.10,LOW,Integrar consecuencia con definición,Párrafo o entrada sustantiva,https://github.com/kapumota/dtl-lab/blob/5195d94b2ade1933a726d1d2106cc35a11c37f47/manuscript/paper1/sections/05-experimental-design.tex
05.12,Experimental Design,Bound profiles,manuscript/paper1/sections/05-experimental-design.tex,99-100,The catalog profile is reserved for the scenario catalogue used,KEEP,15,15,0,Definir catalog profile,Perfil reservado a escenarios RQ3,Diseño trazas,05.16-05.21,NONE,Evitar confusión con small/medium/large,Párrafo o entrada sustantiva,https://github.com/kapumota/dtl-lab/blob/5195d94b2ade1933a726d1d2106cc35a11c37f47/manuscript/paper1/sections/05-experimental-design.tex
05.13,Experimental Design,Mutation configurations,manuscript/paper1/sections/05-experimental-design.tex,105,Mutation experiments are executed at the medium profile.,KEEP,8,8,0,Fijar perfil de mutación,Medium,Descripción Results,06.14,NONE,Parámetro de diseño imprescindible,Párrafo o entrada sustantiva,https://github.com/kapumota/dtl-lab/blob/5195d94b2ade1933a726d1d2106cc35a11c37f47/manuscript/paper1/sections/05-experimental-design.tex
05.14,Experimental Design,Mutation configurations,manuscript/paper1/sections/05-experimental-design.tex,107-116,Five scientific defect classes are instantiated for each formal representation:,KEEP,35,35,0,Enumerar defectos,Cinco clases por representación,Methodology y tabla RQ2,"04.24, 06.17",NONE,Conservar catálogo ejecutado,Lista con introducción,https://github.com/kapumota/dtl-lab/blob/5195d94b2ade1933a726d1d2106cc35a11c37f47/manuscript/paper1/sections/05-experimental-design.tex
05.15,Experimental Design,Mutation configurations,manuscript/paper1/sections/05-experimental-design.tex,118-120,Each mutant has a predefined target property. Ten measured repetitions,KEEP,27,27,0,Fijar replicación de mutantes,"Target, 2 warmups, 10 measured y consistencia",Resultados mutantes,06.14-06.21,NONE,Diseño no sustituible por resultados,Párrafo o entrada sustantiva,https://github.com/kapumota/dtl-lab/blob/5195d94b2ade1933a726d1d2106cc35a11c37f47/manuscript/paper1/sections/05-experimental-design.tex
05.16,Experimental Design,Trace-conformance configurations,manuscript/paper1/sections/05-experimental-design.tex,125,RQ3 uses a separate multiseed design.,MERGE,6,4,2,Introducir multiseed,RQ3 separado,Diseño subsiguiente,"05.17, 05.21",LOW,Integrar con tamaños de poblaciones,Párrafo o entrada sustantiva,https://github.com/kapumota/dtl-lab/blob/5195d94b2ade1933a726d1d2106cc35a11c37f47/manuscript/paper1/sections/05-experimental-design.tex
05.17,Experimental Design,Trace-conformance configurations,manuscript/paper1/sections/05-experimental-design.tex,127-132,The catalogue contains ten valid scenarios and ten negative cases.,COMPRESS,22,18,4,Definir población válida,10 casos por 30 semillas igual300,RQ3 Results,06.27-06.28,LOW,Integrar ecuación en prosa preservando factores,Ecuación con introducción,https://github.com/kapumota/dtl-lab/blob/5195d94b2ade1933a726d1d2106cc35a11c37f47/manuscript/paper1/sections/05-experimental-design.tex
05.18,Experimental Design,Trace-conformance configurations,manuscript/paper1/sections/05-experimental-design.tex,134-138,valid trace executions and 10 30 = 300,MERGE,7,6,1,Definir población negativa,10 por 30 igual300 negativos,Población válida paralela,05.17,LOW,Fusionar en una oración con ambos tamaños,Ecuación con introducción,https://github.com/kapumota/dtl-lab/blob/5195d94b2ade1933a726d1d2106cc35a11c37f47/manuscript/paper1/sections/05-experimental-design.tex
05.19,Experimental Design,Trace-conformance configurations,manuscript/paper1/sections/05-experimental-design.tex,140,negative trace executions.,MERGE,3,2,1,Completar población negativa,Etiqueta negativa,Ecuación previa,05.18,LOW,Unir fragmento sintáctico a la oración anterior,Párrafo o entrada sustantiva,https://github.com/kapumota/dtl-lab/blob/5195d94b2ade1933a726d1d2106cc35a11c37f47/manuscript/paper1/sections/05-experimental-design.tex
05.20,Experimental Design,Trace-conformance configurations,manuscript/paper1/sections/05-experimental-design.tex,142-143,The definitive seed sequence contains the integer values 2026001 through,KEEP,11,11,0,Fijar seeds,2026001 a 2026030,Semillas genéricas,04.32,NONE,Conservar rango exacto,Párrafo o entrada sustantiva,https://github.com/kapumota/dtl-lab/blob/5195d94b2ade1933a726d1d2106cc35a11c37f47/manuscript/paper1/sections/05-experimental-design.tex
05.21,Experimental Design,Trace-conformance configurations,manuscript/paper1/sections/05-experimental-design.tex,145-148,RQ3 therefore contains 600 TLC replay executions. Each case-seed pair,KEEP,31,31,0,Definir ejecuciones RQ3,"600, una por par, sin warmup y razón",Resultados RQ3,06.27,NONE,No convertir seeds en réplicas de rendimiento,Párrafo o entrada sustantiva,https://github.com/kapumota/dtl-lab/blob/5195d94b2ade1933a726d1d2106cc35a11c37f47/manuscript/paper1/sections/05-experimental-design.tex
05.22,Experimental Design,Repetitions and execution order,manuscript/paper1/sections/05-experimental-design.tex,153-162,"For model-checking configurations used to measure time and memory, the",KEEP,29,29,0,Fijar repeticiones temporales,"2 warmups, 10 medidas, serial y exclusión warmups",Mitigación interna,08.10-08.11,NONE,Conservar reglas completas,Lista con introducción,https://github.com/kapumota/dtl-lab/blob/5195d94b2ade1933a726d1d2106cc35a11c37f47/manuscript/paper1/sections/05-experimental-design.tex
05.23,Experimental Design,Repetitions and execution order,manuscript/paper1/sections/05-experimental-design.tex,164-167,Logical outcomes are expected to remain consistent across repetitions. The,KEEP,30,30,0,Definir sentido de réplica,Consistencia lógica sin independencia lógica nueva,RQ2 Results,06.20,NONE,Protege contra pseudorreplicación,Párrafo o entrada sustantiva,https://github.com/kapumota/dtl-lab/blob/5195d94b2ade1933a726d1d2106cc35a11c37f47/manuscript/paper1/sections/05-experimental-design.tex
05.24,Experimental Design,Repetitions and execution order,manuscript/paper1/sections/05-experimental-design.tex,169-170,"No run is repeated merely because it produces a counterexample,",MERGE,16,10,6,Restringir reruns,No repetir por resultado desfavorable,Regla canónica,05.38,LOW,Integrar remisión breve en repeticiones,Párrafo o entrada sustantiva,https://github.com/kapumota/dtl-lab/blob/5195d94b2ade1933a726d1d2106cc35a11c37f47/manuscript/paper1/sections/05-experimental-design.tex
05.25,Experimental Design,Resource limits,manuscript/paper1/sections/05-experimental-design.tex,175-184,Each measured model-checking execution is constrained by the following resource,KEEP,30,30,0,Fijar recursos,"1800s, 12288MiB, serial, 1 worker, SAT4J",Toolchain y censura,"05.02, 05.37",NONE,Todos los valores son indispensables,Lista con introducción,https://github.com/kapumota/dtl-lab/blob/5195d94b2ade1933a726d1d2106cc35a11c37f47/manuscript/paper1/sections/05-experimental-design.tex
05.26,Experimental Design,Resource limits,manuscript/paper1/sections/05-experimental-design.tex,186-187,Execution-time and maximum-resident-memory measurements are collected through /usr/bin/time -v.,MERGE,9,5,4,Identificar medición,GNU time -v,Toolchain,05.02,LOW,Mantener remisión dentro de recursos,Párrafo o entrada sustantiva,https://github.com/kapumota/dtl-lab/blob/5195d94b2ade1933a726d1d2106cc35a11c37f47/manuscript/paper1/sections/05-experimental-design.tex
05.27,Experimental Design,Resource limits,manuscript/paper1/sections/05-experimental-design.tex,189-191,Timeout and out-of-memory outcomes are considered scientifically meaningful scalability outcomes.,COMPRESS,23,15,8,Conservar outcomes negativos,Timeout/OOM permanecen,Política canónica,05.37,LOW,Resumir en una oración con referencia,Párrafo o entrada sustantiva,https://github.com/kapumota/dtl-lab/blob/5195d94b2ade1933a726d1d2106cc35a11c37f47/manuscript/paper1/sections/05-experimental-design.tex
05.28,Experimental Design,Execution environment,manuscript/paper1/sections/05-experimental-design.tex,196-197,The definitive timing and memory campaign is executed on a,KEEP,14,14,0,Definir host campaña,Linux nativo dedicado,Internal validity,08.10,NONE,Condición de medida necesaria,Párrafo o entrada sustantiva,https://github.com/kapumota/dtl-lab/blob/5195d94b2ade1933a726d1d2106cc35a11c37f47/manuscript/paper1/sections/05-experimental-design.tex
05.29,Experimental Design,Execution environment,manuscript/paper1/sections/05-experimental-design.tex,199-203,"Virtualized environments, WSL, and shared continuous-integration runners are excluded from",COMPRESS,40,30,10,Separar CI de campaña,"Exclusión WSL, virtualización, CI compartida para timing",Host dedicado,05.28,LOW,Mantener exclusiones y uso funcional de CI,Párrafo o entrada sustantiva,https://github.com/kapumota/dtl-lab/blob/5195d94b2ade1933a726d1d2106cc35a11c37f47/manuscript/paper1/sections/05-experimental-design.tex
05.30,Experimental Design,Execution environment,manuscript/paper1/sections/05-experimental-design.tex,205-208,"The recorded environment includes the operating system and kernel, processor",KEEP,27,27,0,Definir metadata ambiental,"OS, kernel, CPU, RAM, versiones, commit, virtualización",Provenance general,09.25,NONE,Mantener inventario sin trasladar información esencial,Párrafo o entrada sustantiva,https://github.com/kapumota/dtl-lab/blob/5195d94b2ade1933a726d1d2106cc35a11c37f47/manuscript/paper1/sections/05-experimental-design.tex
05.31,Experimental Design,Measured outcomes,manuscript/paper1/sections/05-experimental-design.tex,213,The experiment records both logical and resource-oriented outcomes.,MERGE,8,5,3,Introducir outcomes,Resultados lógicos y recursos,Listas siguientes,05.32-05.33,LOW,Fusionar apertura con listas,Párrafo o entrada sustantiva,https://github.com/kapumota/dtl-lab/blob/5195d94b2ade1933a726d1d2106cc35a11c37f47/manuscript/paper1/sections/05-experimental-design.tex
05.32,Experimental Design,Measured outcomes,manuscript/paper1/sections/05-experimental-design.tex,215-226,"For TLC, recorded measurements include: property result; generated states; distinct",KEEP,25,25,0,Definir outputs TLC,Todos los campos TLC,Variables generales,04.21,NONE,Lista concreta ya compacta,Lista con introducción,https://github.com/kapumota/dtl-lab/blob/5195d94b2ade1933a726d1d2106cc35a11c37f47/manuscript/paper1/sections/05-experimental-design.tex
05.33,Experimental Design,Measured outcomes,manuscript/paper1/sections/05-experimental-design.tex,228-237,"For Alloy, recorded measurements include: assertion result; solver and scope;",KEEP,25,25,0,Definir outputs Alloy,Todos los campos Alloy,Variables generales,04.21,NONE,Lista concreta ya compacta,Lista con introducción,https://github.com/kapumota/dtl-lab/blob/5195d94b2ade1933a726d1d2106cc35a11c37f47/manuscript/paper1/sections/05-experimental-design.tex
05.34,Experimental Design,Measured outcomes,manuscript/paper1/sections/05-experimental-design.tex,239-240,TLC state counts and Alloy scopes are not treated as,KEEP,13,13,0,Limitar unidad estado/scope,No equivalencia de unidades,Comparabilidad,04.40,NONE,Advertencia necesaria junto a campos,Párrafo o entrada sustantiva,https://github.com/kapumota/dtl-lab/blob/5195d94b2ade1933a726d1d2106cc35a11c37f47/manuscript/paper1/sections/05-experimental-design.tex
05.35,Experimental Design,Measured outcomes,manuscript/paper1/sections/05-experimental-design.tex,242-245,"For trace conformance, the recorded fields include case identifier, seed,",KEEP,32,32,0,Definir outputs replay,"Diagnóstico desglosado, recursos, commit, input hashes",Criterio de diagnóstico,04.35,NONE,Mantener trazabilidad del replay,Párrafo o entrada sustantiva,https://github.com/kapumota/dtl-lab/blob/5195d94b2ade1933a726d1d2106cc35a11c37f47/manuscript/paper1/sections/05-experimental-design.tex
05.36,Experimental Design,Incomplete executions and censoring,manuscript/paper1/sections/05-experimental-design.tex,250-252,"Experimental executions may terminate as completed runs, counterexamples, timeouts, out-of-memory",KEEP,16,16,0,Definir clasificación outcomes,"Completado, counterexample, timeout, OOM, tool, instrumentation",Methodology,04.48,NONE,Conservar distinciones canónicas,Párrafo o entrada sustantiva,https://github.com/kapumota/dtl-lab/blob/5195d94b2ade1933a726d1d2106cc35a11c37f47/manuscript/paper1/sections/05-experimental-design.tex
05.37,Experimental Design,Incomplete executions and censoring,manuscript/paper1/sections/05-experimental-design.tex,254-256,Timeout and out-of-memory outcomes are retained as censored observations. Their,KEEP,27,27,0,Definir censura operativa,Sin imputar límites ni valores sintéticos,Principio metodológico,04.50,NONE,Conservar texto canónico,Párrafo o entrada sustantiva,https://github.com/kapumota/dtl-lab/blob/5195d94b2ade1933a726d1d2106cc35a11c37f47/manuscript/paper1/sections/05-experimental-design.tex
05.38,Experimental Design,Incomplete executions and censoring,manuscript/paper1/sections/05-experimental-design.tex,258-260,Unexpected tool exits remain tool errors. Instrumentation failures may be,KEEP,29,29,0,Definir retry/error,Tool error distinto de instrumentation y regla retry,Methodology,04.49,NONE,No colapsar fallo científico e instrumental,Párrafo o entrada sustantiva,https://github.com/kapumota/dtl-lab/blob/5195d94b2ade1933a726d1d2106cc35a11c37f47/manuscript/paper1/sections/05-experimental-design.tex
05.39,Experimental Design,Incomplete executions and censoring,manuscript/paper1/sections/05-experimental-design.tex,262-263,This treatment preserves unfavorable outcomes and prevents selective removal of,MERGE,16,8,8,Explicar mitigación,Evitar selección de outcomes,Principio general,04.51,LOW,Fusionar motivación con 05.38,Párrafo o entrada sustantiva,https://github.com/kapumota/dtl-lab/blob/5195d94b2ade1933a726d1d2106cc35a11c37f47/manuscript/paper1/sections/05-experimental-design.tex
05.40,Experimental Design,Statistical analysis,manuscript/paper1/sections/05-experimental-design.tex,268-270,Time and memory distributions are summarized using the median and,KEEP,24,24,0,Definir estadísticos,"Mediana, IQR, min, max, CV",Resultados costes,06.41-06.48,NONE,No quitar medidas definidas,Párrafo o entrada sustantiva,https://github.com/kapumota/dtl-lab/blob/5195d94b2ade1933a726d1d2106cc35a11c37f47/manuscript/paper1/sections/05-experimental-design.tex
05.41,Experimental Design,Statistical analysis,manuscript/paper1/sections/05-experimental-design.tex,272-273,A 95% bootstrap confidence interval for the median is estimated,KEEP,14,14,0,Definir bootstrap,95% y 10000 remuestreos,Ninguna duplicación operativa completa,Ninguna,NONE,Conservar parámetros exactos,Párrafo o entrada sustantiva,https://github.com/kapumota/dtl-lab/blob/5195d94b2ade1933a726d1d2106cc35a11c37f47/manuscript/paper1/sections/05-experimental-design.tex
05.42,Experimental Design,Statistical analysis,manuscript/paper1/sections/05-experimental-design.tex,275-276,"For proportions, including mutation detection and trace classification, Wilson 95%",KEEP,14,14,0,Definir intervalos de proporciones,Wilson95%,Resultado RQ3,06.31,NONE,Mantener método de intervalo,Párrafo o entrada sustantiva,https://github.com/kapumota/dtl-lab/blob/5195d94b2ade1933a726d1d2106cc35a11c37f47/manuscript/paper1/sections/05-experimental-design.tex
05.43,Experimental Design,Statistical analysis,manuscript/paper1/sections/05-experimental-design.tex,278-281,RQ4 reports profile-level medians and within-tool growth ratios. Spearman rank,KEEP,30,30,0,Definir RQ4 descriptivo,"Medianas, ratios y Spearman condicionado a perfiles completados",Resultados RQ4,06.43,NONE,Conservar condición de aplicabilidad,Párrafo o entrada sustantiva,https://github.com/kapumota/dtl-lab/blob/5195d94b2ade1933a726d1d2106cc35a11c37f47/manuscript/paper1/sections/05-experimental-design.tex
05.44,Experimental Design,Statistical analysis,manuscript/paper1/sections/05-experimental-design.tex,283-286,TLC and Alloy are not compared through absolute execution-time claims.,COMPRESS,27,20,7,Limitar comparación,Sin superioridad absoluta entre herramientas,Methodology y Construct validity,"04.40, 08.03",LOW,Una frase local con causa semántica,Párrafo o entrada sustantiva,https://github.com/kapumota/dtl-lab/blob/5195d94b2ade1933a726d1d2106cc35a11c37f47/manuscript/paper1/sections/05-experimental-design.tex
05.45,Experimental Design,Statistical analysis,manuscript/paper1/sections/05-experimental-design.tex,288-290,The three ordered profiles provide descriptive evidence about bounded cost,COMPRESS,27,20,7,Limitar curva inferida,Tres perfiles no establecen ley,Conclusion validity,08.33-08.36,LOW,Mantener limitación próxima al método estadístico,Párrafo o entrada sustantiva,https://github.com/kapumota/dtl-lab/blob/5195d94b2ade1933a726d1d2106cc35a11c37f47/manuscript/paper1/sections/05-experimental-design.tex
06.01,Results,Experimental campaign overview,manuscript/paper1/sections/06-results.tex,7-10,The definitive campaign contained 1272 scheduled experimental tasks across the,KEEP,34,34,0,Definir campaña reportada,1272 y measured vs warmups,Diseño,05.05,NONE,Mantener universo de evidencia,Párrafo o entrada sustantiva,https://github.com/kapumota/dtl-lab/blob/5195d94b2ade1933a726d1d2106cc35a11c37f47/manuscript/paper1/sections/06-results.tex
06.02,Results,Experimental campaign overview,manuscript/paper1/sections/06-results.tex,12-14,The results are presented in the order of the research,COMPRESS,23,12,11,Orientar lectura,Orden RQ y política de censura,Títulos y diseño,05.36-05.38,LOW,Quitar navegación repetida conservando remisión,Párrafo o entrada sustantiva,https://github.com/kapumota/dtl-lab/blob/5195d94b2ade1933a726d1d2106cc35a11c37f47/manuscript/paper1/sections/06-results.tex
06.03,Results,RQ1: Bounded property verification,manuscript/paper1/sections/06-results.tex,19-20,RQ1 asks whether the valid formal models satisfy the seven,COMPRESS,17,10,7,Introducir RQ1,Objeto de resultado,Pregunta metodológica,04.06,LOW,Recordatorio breve,Párrafo o entrada sustantiva,https://github.com/kapumota/dtl-lab/blob/5195d94b2ade1933a726d1d2106cc35a11c37f47/manuscript/paper1/sections/06-results.tex
06.04,Results,RQ1: Bounded property verification,manuscript/paper1/sections/06-results.tex,22-24,"Across both formal tools and the three bound profiles, RQ1",KEEP,31,31,0,Reportar agregado RQ1,"420, 350, 70 y cero contraejemplos completados",Tabla2,06.06,NONE,Mantener resultado esencial junto al denominador,Párrafo o entrada sustantiva,https://github.com/kapumota/dtl-lab/blob/5195d94b2ade1933a726d1d2106cc35a11c37f47/manuscript/paper1/sections/06-results.tex
06.05,Results,RQ1: Bounded property verification,manuscript/paper1/sections/06-results.tex,26-27,Table summarizes the result by tool and bound profile.,COMPRESS,9,6,3,Remitir a tabla,Localización Tabla2,Caption,06.06,NONE,Remisión más corta,Párrafo o entrada sustantiva,https://github.com/kapumota/dtl-lab/blob/5195d94b2ade1933a726d1d2106cc35a11c37f47/manuscript/paper1/sections/06-results.tex
06.06,Results,RQ1: Bounded property verification,manuscript/paper1/sections/06-results.tex,29-47,RQ1 bounded property-verification results by tool and profile. Tool Profile,KEEP,56,56,0,Reportar RQ1 detallado,Distribución por herramienta y perfil,Narrativa agregada,06.04,NONE,Conservar todos los valores de Tabla2,Tabla,https://github.com/kapumota/dtl-lab/blob/5195d94b2ade1933a726d1d2106cc35a11c37f47/manuscript/paper1/sections/06-results.tex
06.07,Results,RQ1: Bounded property verification,manuscript/paper1/sections/06-results.tex,49-51,"For Alloy, all seven properties completed without a counterexample under",COMPRESS,28,20,8,Explicar Alloy RQ1,"7 propiedades, 3 perfiles, 10 repeticiones, 210",Tabla2 y diseño,"06.06, 05.22",MEDIUM,Acortar sin perder relación entre unidades y total,Párrafo o entrada sustantiva,https://github.com/kapumota/dtl-lab/blob/5195d94b2ade1933a726d1d2106cc35a11c37f47/manuscript/paper1/sections/06-results.tex
06.08,Results,RQ1: Bounded property verification,manuscript/paper1/sections/06-results.tex,53-58,"For TLC, all seven properties completed without a counterexample under",COMPRESS,49,38,11,Explicar TLC RQ1,140 completadas y 70 a 1800s,Tabla2 y recursos,"06.06, 05.25",MEDIUM,Mantener plazo y denominador de censura,Párrafo o entrada sustantiva,https://github.com/kapumota/dtl-lab/blob/5195d94b2ade1933a726d1d2106cc35a11c37f47/manuscript/paper1/sections/06-results.tex
06.09,Results,RQ1: Bounded property verification,manuscript/paper1/sections/06-results.tex,60-62,No out-of-memory or tool-error outcome was observed in the RQ1,KEEP,23,23,0,Reportar ausencia OOM/errores,Cero OOM y tool errors RQ1,Censura TLC-large,06.04,NONE,No omitir outcomes fuera de tabla,Párrafo o entrada sustantiva,https://github.com/kapumota/dtl-lab/blob/5195d94b2ade1933a726d1d2106cc35a11c37f47/manuscript/paper1/sections/06-results.tex
06.10,Results,Answer to RQ1,manuscript/paper1/sections/06-results.tex,67-69,"Within the 350 completed bounded model-checking runs, no violation of",MERGE,26,20,6,Responder RQ1,350 completadas sin violación,Agregado,06.04,MEDIUM,Integrar respuesta con 06.11-06.12,Párrafo o entrada sustantiva,https://github.com/kapumota/dtl-lab/blob/5195d94b2ade1933a726d1d2106cc35a11c37f47/manuscript/paper1/sections/06-results.tex
06.11,Results,Answer to RQ1,manuscript/paper1/sections/06-results.tex,71-73,"However, the 70 large-profile TLC measurements did not complete within",KEEP,26,26,0,Delimitar evidencia incompleta,70 incompletas no son checks exitosos,Censura operativa,05.37,NONE,Mantener advertencia en respuesta,Párrafo o entrada sustantiva,https://github.com/kapumota/dtl-lab/blob/5195d94b2ade1933a726d1d2106cc35a11c37f47/manuscript/paper1/sections/06-results.tex
06.12,Results,Answer to RQ1,manuscript/paper1/sections/06-results.tex,75-77,H1 is therefore partially supported under censoring. The result is,KEEP,26,26,0,Resolver H1,Parcialmente apoyada bajo censura y no prueba no acotada,Discussion,07.03,NONE,Conservar conclusión epistemológica exacta,Párrafo o entrada sustantiva,https://github.com/kapumota/dtl-lab/blob/5195d94b2ade1933a726d1d2106cc35a11c37f47/manuscript/paper1/sections/06-results.tex
06.13,Results,RQ2: Mutation-based property validation,manuscript/paper1/sections/06-results.tex,82-84,RQ2 evaluates whether the declared property suite detects predefined scientific,COMPRESS,18,10,8,Introducir RQ2,Defectos que eliminan controles,Pregunta metodológica,04.09,LOW,Reducir recordatorio,Párrafo o entrada sustantiva,https://github.com/kapumota/dtl-lab/blob/5195d94b2ade1933a726d1d2106cc35a11c37f47/manuscript/paper1/sections/06-results.tex
06.14,Results,RQ2: Mutation-based property validation,manuscript/paper1/sections/06-results.tex,86-89,The experiment contained ten scientific mutants: five instantiated in the,KEEP,35,35,0,Definir muestra RQ2,"5+5, medium, 10 réplicas, 100 medidas",Diseño,05.13-05.15,NONE,Mantener denominadores distintos,Párrafo o entrada sustantiva,https://github.com/kapumota/dtl-lab/blob/5195d94b2ade1933a726d1d2106cc35a11c37f47/manuscript/paper1/sections/06-results.tex
06.15,Results,RQ2: Mutation-based property validation,manuscript/paper1/sections/06-results.tex,91-102,All ten scientific mutants were detected through their designated target,KEEP,28,28,0,Reportar detección,"10/10 target, consistencia, score1.0",Tabla3,06.17,NONE,Conservar evidencia aunque ecuación pueda ir inline,Ecuación con introducción,https://github.com/kapumota/dtl-lab/blob/5195d94b2ade1933a726d1d2106cc35a11c37f47/manuscript/paper1/sections/06-results.tex
06.16,Results,RQ2: Mutation-based property validation,manuscript/paper1/sections/06-results.tex,104,Table summarizes the aggregate result.,KEEP,5,5,0,Remitir a Tabla3,Ubicación de detalle,Caption,06.17,NONE,Frase ya mínima,Párrafo o entrada sustantiva,https://github.com/kapumota/dtl-lab/blob/5195d94b2ade1933a726d1d2106cc35a11c37f47/manuscript/paper1/sections/06-results.tex
06.17,Results,RQ2: Mutation-based property validation,manuscript/paper1/sections/06-results.tex,106-167,"RQ2 scientific mutants, target properties, and detection results. Tool Mutant",KEEP,64,64,0,Reportar mutantes individuales,Diez mutantes y targets por herramienta,Texto de diferencias,06.18,NONE,Conservar Tabla3 íntegra,Tabla,https://github.com/kapumota/dtl-lab/blob/5195d94b2ade1933a726d1d2106cc35a11c37f47/manuscript/paper1/sections/06-results.tex
06.18,Results,RQ2: Mutation-based property validation,manuscript/paper1/sections/06-results.tex,169-174,The commit-after-abort defect is associated with different designated target properties,KEEP,39,39,0,Explicar target distinto,Alloy TerminalStateIrreversibility y TLC DecisionConsistency,Construct validity,08.02,NONE,Protege interpretación de tabla,Párrafo o entrada sustantiva,https://github.com/kapumota/dtl-lab/blob/5195d94b2ade1933a726d1d2106cc35a11c37f47/manuscript/paper1/sections/06-results.tex
06.19,Results,RQ2: Mutation-based property validation,manuscript/paper1/sections/06-results.tex,176-179,"The evaluated defect classes covered removal of replay protection, destination",COMPRESS,31,20,11,Resumir defectos cubiertos,Cinco controles,Tabla3 y catálogo,"06.17, 05.14",MEDIUM,"Mantener alcance, acortar enumeración repetida",Párrafo o entrada sustantiva,https://github.com/kapumota/dtl-lab/blob/5195d94b2ade1933a726d1d2106cc35a11c37f47/manuscript/paper1/sections/06-results.tex
06.20,Results,RQ2: Mutation-based property validation,manuscript/paper1/sections/06-results.tex,181-184,Detection was evaluated at the mutant level rather than by,KEEP,34,34,0,Evitar pseudorreplicación,100 runs no son100 mutantes,Unidad RQ2,"04.25, 04.28",NONE,Conservar distinción explícita,Párrafo o entrada sustantiva,https://github.com/kapumota/dtl-lab/blob/5195d94b2ade1933a726d1d2106cc35a11c37f47/manuscript/paper1/sections/06-results.tex
06.21,Results,RQ2: Mutation-based property validation,manuscript/paper1/sections/06-results.tex,186-188,The repeated measurements also verified consistency of the logical outcome:,MERGE,24,12,12,Reportar estabilidad,Mismo target en las 10 repeticiones,Detección inicial,06.15,MEDIUM,Fusionar con resultado manteniendo estabilidad,Párrafo o entrada sustantiva,https://github.com/kapumota/dtl-lab/blob/5195d94b2ade1933a726d1d2106cc35a11c37f47/manuscript/paper1/sections/06-results.tex
06.22,Results,RQ2: Mutation-based property validation,manuscript/paper1/sections/06-results.tex,190-194,No absolute execution-time comparison between TLC and Alloy is used,COMPRESS,39,18,21,Limitar comparaciones en RQ2,"Resultado es detección, no tiempo absoluto",Comparabilidad,"04.40, 05.44",MEDIUM,Mantener límite breve sin derivar superioridad,Párrafo o entrada sustantiva,https://github.com/kapumota/dtl-lab/blob/5195d94b2ade1933a726d1d2106cc35a11c37f47/manuscript/paper1/sections/06-results.tex
06.23,Results,Answer to RQ2,manuscript/paper1/sections/06-results.tex,199-201,All ten predefined scientific mutants were detected through their target,MERGE,24,18,6,Responder RQ2,10/10 y score1.0,Resultado inicial,06.15,MEDIUM,Fusionar con 06.24-06.25 manteniendo respuesta visible,Párrafo o entrada sustantiva,https://github.com/kapumota/dtl-lab/blob/5195d94b2ade1933a726d1d2106cc35a11c37f47/manuscript/paper1/sections/06-results.tex
06.24,Results,Answer to RQ2,manuscript/paper1/sections/06-results.tex,203-204,H2 is therefore supported for the predefined scientific mutant catalogue.,KEEP,10,10,0,Resolver H2,Apoyo restringido al catálogo,Resultado,06.23,NONE,Conservar estado de hipótesis,Párrafo o entrada sustantiva,https://github.com/kapumota/dtl-lab/blob/5195d94b2ade1933a726d1d2106cc35a11c37f47/manuscript/paper1/sections/06-results.tex
06.25,Results,Answer to RQ2,manuscript/paper1/sections/06-results.tex,206-210,This result demonstrates that the evaluated property suite is sensitive,COMPRESS,37,28,9,Limitar generalización RQ2,"Sensibilidad, no completitud",Methodology y Threats,"04.29, 08.30",MEDIUM,No suprimir límite de catálogo,Párrafo o entrada sustantiva,https://github.com/kapumota/dtl-lab/blob/5195d94b2ade1933a726d1d2106cc35a11c37f47/manuscript/paper1/sections/06-results.tex
06.26,Results,RQ3: Bounded implementation-model trace conformance,manuscript/paper1/sections/06-results.tex,215-218,RQ3 evaluates whether observable traces produced by the Java implementation,COMPRESS,27,18,9,Introducir RQ3,Java-TLA+ bajo escenarios/bounds,Pregunta metodológica,04.12,LOW,Acortar recordatorio conservando modelo,Párrafo o entrada sustantiva,https://github.com/kapumota/dtl-lab/blob/5195d94b2ade1933a726d1d2106cc35a11c37f47/manuscript/paper1/sections/06-results.tex
06.27,Results,RQ3: Bounded implementation-model trace conformance,manuscript/paper1/sections/06-results.tex,220-222,The experiment contained ten valid scenarios and ten deliberately corrupted,KEEP,25,25,0,Definir muestra RQ3,"10+10 casos, 30 seeds, 600",Diseño,05.17-05.21,NONE,Mantener estructura poblacional,Párrafo o entrada sustantiva,https://github.com/kapumota/dtl-lab/blob/5195d94b2ade1933a726d1d2106cc35a11c37f47/manuscript/paper1/sections/06-results.tex
06.28,Results,RQ3: Bounded implementation-model trace conformance,manuscript/paper1/sections/06-results.tex,224-227,All 300 valid traces were accepted by the bounded replay,KEEP,34,34,0,Reportar RQ3,"300 aceptadas, 300 rechazadas, 300 diagnósticos",Tabla4,06.30,NONE,Resultado principal debe quedar explícito,Párrafo o entrada sustantiva,https://github.com/kapumota/dtl-lab/blob/5195d94b2ade1933a726d1d2106cc35a11c37f47/manuscript/paper1/sections/06-results.tex
06.29,Results,RQ3: Bounded implementation-model trace conformance,manuscript/paper1/sections/06-results.tex,229-230,Table summarizes the aggregate classification results.,KEEP,6,6,0,Remitir a Tabla4,Ubicación del resumen,Caption,06.30,NONE,Frase mínima,Párrafo o entrada sustantiva,https://github.com/kapumota/dtl-lab/blob/5195d94b2ade1933a726d1d2106cc35a11c37f47/manuscript/paper1/sections/06-results.tex
06.30,Results,RQ3: Bounded implementation-model trace conformance,manuscript/paper1/sections/06-results.tex,232-250,RQ3 bounded trace-conformance results. Trace class Cases Runs Correct classification,KEEP,26,26,0,Reportar clasificación agregada,Poblaciones y diagnósticos,Narrativa principal,06.28,NONE,Conservar Tabla4 completa,Tabla,https://github.com/kapumota/dtl-lab/blob/5195d94b2ade1933a726d1d2106cc35a11c37f47/manuscript/paper1/sections/06-results.tex
06.31,Results,RQ3: Bounded implementation-model trace conformance,manuscript/paper1/sections/06-results.tex,252-257,"At the individual-case level, every one of the twenty scenarios",KEEP,53,53,0,Reportar precisión por caso,"20 casos, 30/30, Wilson[0.8865, 1]",Método estadístico,05.42,NONE,"Única cuantificación del intervalo, no recortar",Párrafo o entrada sustantiva,https://github.com/kapumota/dtl-lab/blob/5195d94b2ade1933a726d1d2106cc35a11c37f47/manuscript/paper1/sections/06-results.tex
06.32,Results,RQ3: Bounded implementation-model trace conformance,manuscript/paper1/sections/06-results.tex,259-263,"The valid catalogue includes normal commit, timeout-related behavior, duplicated receipts,",KEEP,35,35,0,Identificar escenarios válidos,Diez escenarios concretos,Catálogo general,04.33,NONE,Necesario para evaluar cobertura,Párrafo o entrada sustantiva,https://github.com/kapumota/dtl-lab/blob/5195d94b2ade1933a726d1d2106cc35a11c37f47/manuscript/paper1/sections/06-results.tex
06.33,Results,RQ3: Bounded implementation-model trace conformance,manuscript/paper1/sections/06-results.tex,265-270,"The negative catalogue contains deliberately corrupted traces, including commit from",KEEP,43,43,0,Identificar corrupciones,Diez corrupciones concretas,Catálogo general,04.33,NONE,No trasladar fuera del paper,Párrafo o entrada sustantiva,https://github.com/kapumota/dtl-lab/blob/5195d94b2ade1933a726d1d2106cc35a11c37f47/manuscript/paper1/sections/06-results.tex
06.34,Results,RQ3: Bounded implementation-model trace conformance,manuscript/paper1/sections/06-results.tex,272-276,The diagnostic criterion is evaluated only for negative cases because,COMPRESS,45,35,10,Interpretar diagnóstico reportado,"Solo negativos y mismatch esperado, no fallo genérico",Definición metodológica,04.35,MEDIUM,Conservar distinción científica local,Párrafo o entrada sustantiva,https://github.com/kapumota/dtl-lab/blob/5195d94b2ade1933a726d1d2106cc35a11c37f47/manuscript/paper1/sections/06-results.tex
06.35,Results,Answer to RQ3,manuscript/paper1/sections/06-results.tex,281-283,"All 300 valid traces were accepted, all 300 deliberately corrupted",MERGE,23,20,3,Responder RQ3,Tres resultados300/300,Resultado inicial,06.28,MEDIUM,Integrar con 06.36 sin borrar respuesta,Párrafo o entrada sustantiva,https://github.com/kapumota/dtl-lab/blob/5195d94b2ade1933a726d1d2106cc35a11c37f47/manuscript/paper1/sections/06-results.tex
06.36,Results,Answer to RQ3,manuscript/paper1/sections/06-results.tex,285,H3 is therefore supported for the predefined bounded trace catalogue.,KEEP,10,10,0,Resolver H3,Apoyo al catálogo acotado,Resultado,06.35,NONE,Mantener estado y alcance,Párrafo o entrada sustantiva,https://github.com/kapumota/dtl-lab/blob/5195d94b2ade1933a726d1d2106cc35a11c37f47/manuscript/paper1/sections/06-results.tex
06.37,Results,Answer to RQ3,manuscript/paper1/sections/06-results.tex,287-291,This result provides evidence of bounded implementation-model trace conformance between,KEEP,45,45,0,Delimitar RQ3,"No refinement, equivalencia ni garantía universal",Discussion y Threats,"07.14, 08.05",NONE,Mantener límite junto a respuesta,Párrafo o entrada sustantiva,https://github.com/kapumota/dtl-lab/blob/5195d94b2ade1933a726d1d2106cc35a11c37f47/manuscript/paper1/sections/06-results.tex
06.38,Results,RQ4: Bounded verification cost,manuscript/paper1/sections/06-results.tex,296-298,RQ4 characterizes how the computational cost of bounded verification changes,COMPRESS,24,17,7,Introducir RQ4,Perfiles de tamaño y fallos,Pregunta metodológica,04.15,LOW,Reducir recordatorio,Párrafo o entrada sustantiva,https://github.com/kapumota/dtl-lab/blob/5195d94b2ade1933a726d1d2106cc35a11c37f47/manuscript/paper1/sections/06-results.tex
06.39,Results,RQ4: Bounded verification cost,manuscript/paper1/sections/06-results.tex,300-303,"The RQ4 evidence comprises 460 measured executions. Of these, 420",KEEP,32,32,0,Definir evidencia RQ4,"460, 420 compartidas RQ1 y 40 adicionales",Diseño,05.04,NONE,Evitar sumar dos veces ejecuciones compartidas,Párrafo o entrada sustantiva,https://github.com/kapumota/dtl-lab/blob/5195d94b2ade1933a726d1d2106cc35a11c37f47/manuscript/paper1/sections/06-results.tex
06.40,Results,Cost across bound profiles,manuscript/paper1/sections/06-results.tex,308-309,"Table summarizes elapsed time, memory, and available state-space measurements for",COMPRESS,14,10,4,Remitir a Tabla5,"Tiempo, RSS y perfil",Caption,06.41,LOW,No atribuir a tabla columnas de estados ausentes,Párrafo o entrada sustantiva,https://github.com/kapumota/dtl-lab/blob/5195d94b2ade1933a726d1d2106cc35a11c37f47/manuscript/paper1/sections/06-results.tex
06.41,Results,Cost across bound profiles,manuscript/paper1/sections/06-results.tex,311-335,RQ4 cost by formal tool and bound profile. Tool Profile,KEEP,59,59,0,Reportar coste por perfil,"Todos tiempos, RSS, censura y denominadores",Narrativa,"06.42, 06.44",NONE,Conservar Tabla5 íntegra,Tabla,https://github.com/kapumota/dtl-lab/blob/5195d94b2ade1933a726d1d2106cc35a11c37f47/manuscript/paper1/sections/06-results.tex
06.42,Results,Cost across bound profiles,manuscript/paper1/sections/06-results.tex,337-341,All Alloy profiles completed. Median elapsed time increased from 0.515306,COMPRESS,44,23,21,Describir Alloy,Monotonía de tiempo y RSS,Todos los valores en Tabla5,06.41,MEDIUM,Conservar cifras en tabla y una frase de tendencia,Párrafo o entrada sustantiva,https://github.com/kapumota/dtl-lab/blob/5195d94b2ade1933a726d1d2106cc35a11c37f47/manuscript/paper1/sections/06-results.tex
06.43,Results,Cost across bound profiles,manuscript/paper1/sections/06-results.tex,343-346,"Across the three Alloy profiles, Spearman rank association between the",KEEP,40,40,0,Reportar asociación y ratios,"Spearman1.0, ratios3.043 y 1.766",Discussion,07.17,NONE,Datos que no aparecen en Tabla5,Párrafo o entrada sustantiva,https://github.com/kapumota/dtl-lab/blob/5195d94b2ade1933a726d1d2106cc35a11c37f47/manuscript/paper1/sections/06-results.tex
06.44,Results,Cost across bound profiles,manuscript/paper1/sections/06-results.tex,348-352,"For TLC, the small and medium profiles completed, with median",COMPRESS,45,31,14,Describir TLC completado,Estados distintos14 y 24336,Tiempo/RSS en Tabla5,06.41,MEDIUM,Conservar estados y resumir solo valores tabulados,Párrafo o entrada sustantiva,https://github.com/kapumota/dtl-lab/blob/5195d94b2ade1933a726d1d2106cc35a11c37f47/manuscript/paper1/sections/06-results.tex
06.45,Results,Cost across bound profiles,manuscript/paper1/sections/06-results.tex,354-357,The large TLC profile did not yield completed measurements. All,KEEP,30,30,0,Reportar TLC-large,70 timeout1800s y sin medianas completadas,Tabla5,06.41,NONE,Mantener significado de guiones,Párrafo o entrada sustantiva,https://github.com/kapumota/dtl-lab/blob/5195d94b2ade1933a726d1d2106cc35a11c37f47/manuscript/paper1/sections/06-results.tex
06.46,Results,Cost across bound profiles,manuscript/paper1/sections/06-results.tex,359-363,The available TLC measurements exhibit increasing cost from small to,COMPRESS,43,30,13,Delimitar forma de crecimiento,"Dos niveles completos, no análisis a tres",Respuesta H4,06.53-06.54,MEDIUM,Mantener límite local con menos recapitulación,Párrafo o entrada sustantiva,https://github.com/kapumota/dtl-lab/blob/5195d94b2ade1933a726d1d2106cc35a11c37f47/manuscript/paper1/sections/06-results.tex
06.47,Results,Cost under enabled fault profiles,manuscript/paper1/sections/06-results.tex,368-370,The additional TLC fault experiment evaluates four medium-bound configurations. All,KEEP,20,20,0,Definir fault experiment,40 medium sin timeout/OOM/tool errors,Tabla6,06.48,NONE,Preservar outcomes no incluidos en tabla,Párrafo o entrada sustantiva,https://github.com/kapumota/dtl-lab/blob/5195d94b2ade1933a726d1d2106cc35a11c37f47/manuscript/paper1/sections/06-results.tex
06.48,Results,Cost under enabled fault profiles,manuscript/paper1/sections/06-results.tex,372-390,RQ4 TLC cost under enabled fault profiles. Fault profile Runs,KEEP,33,33,0,Reportar costes por fallo,Cuatro perfiles y todos sus valores,Narrativa,06.49,NONE,Conservar Tabla6 íntegra,Tabla,https://github.com/kapumota/dtl-lab/blob/5195d94b2ade1933a726d1d2106cc35a11c37f47/manuscript/paper1/sections/06-results.tex
06.49,Results,Cost under enabled fault profiles,manuscript/paper1/sections/06-results.tex,392-396,The enabled fault condition therefore affects the cost observed within,COMPRESS,39,27,12,Describir extremos de fallo,Timeout máximo y normal mínimo,Tabla6,06.48,MEDIUM,Acortar comparación sin generalizar,Párrafo o entrada sustantiva,https://github.com/kapumota/dtl-lab/blob/5195d94b2ade1933a726d1d2106cc35a11c37f47/manuscript/paper1/sections/06-results.tex
06.50,Results,Cost under enabled fault profiles,manuscript/paper1/sections/06-results.tex,398-400,These measurements characterize the evaluated fault profiles only. They are,KEEP,21,21,0,Limitar ranking de fallos,Solo perfiles evaluados,Discussion,07.20,NONE,Advertencia necesaria junto a resultados,Párrafo o entrada sustantiva,https://github.com/kapumota/dtl-lab/blob/5195d94b2ade1933a726d1d2106cc35a11c37f47/manuscript/paper1/sections/06-results.tex
06.51,Results,Answer to RQ4,manuscript/paper1/sections/06-results.tex,405-406,The experiments provide evidence that bounded verification cost increases as,MERGE,14,8,6,Abrir respuesta RQ4,Crecimiento observado,Descripción siguiente,06.52,MEDIUM,Integrar en 06.52,Párrafo o entrada sustantiva,https://github.com/kapumota/dtl-lab/blob/5195d94b2ade1933a726d1d2106cc35a11c37f47/manuscript/paper1/sections/06-results.tex
06.52,Results,Answer to RQ4,manuscript/paper1/sections/06-results.tex,408-411,"For Alloy, all three ordered profiles completed and both median",COMPRESS,37,27,10,Sintetizar RQ4,"Alloy3 niveles, TLC2 y large censurado",Datos previos,06.41-06.46,MEDIUM,Mantener contraste de completitud,Párrafo o entrada sustantiva,https://github.com/kapumota/dtl-lab/blob/5195d94b2ade1933a726d1d2106cc35a11c37f47/manuscript/paper1/sections/06-results.tex
06.53,Results,Answer to RQ4,manuscript/paper1/sections/06-results.tex,413-416,These observations support a descriptive claim of increasing verification cost.,MERGE,37,24,13,Separar crecimiento de H4,Datos insuficientes para nonlinear,Veredicto siguiente,06.54,MEDIUM,Integrar justificación sin diluir H4,Párrafo o entrada sustantiva,https://github.com/kapumota/dtl-lab/blob/5195d94b2ade1933a726d1d2106cc35a11c37f47/manuscript/paper1/sections/06-results.tex
06.54,Results,Answer to RQ4,manuscript/paper1/sections/06-results.tex,418-420,"Accordingly, H4 remains unconfirmed in its nonlinear form: the experiment",KEEP,25,25,0,Resolver H4,"Nonlinear no confirmada, sin ley asintótica",Discussion y Threats,"07.21, 08.36",NONE,Conclusión esencial intocable,Párrafo o entrada sustantiva,https://github.com/kapumota/dtl-lab/blob/5195d94b2ade1933a726d1d2106cc35a11c37f47/manuscript/paper1/sections/06-results.tex
06.55,Results,Answer to RQ4,manuscript/paper1/sections/06-results.tex,422-425,All cost comparisons are interpreted within each formal tool. The,COMPRESS,31,23,8,Limitar comparación entre tools,Sin superioridad absoluta por semánticas diferentes,Método y Threats,"04.40, 08.03",MEDIUM,Conservar límite en respuesta final,Párrafo o entrada sustantiva,https://github.com/kapumota/dtl-lab/blob/5195d94b2ade1933a726d1d2106cc35a11c37f47/manuscript/paper1/sections/06-results.tex
07.01,Discussion,Bounded verification evidence,manuscript/paper1/sections/07-discussion.tex,7-14,The RQ1 results provide bounded evidence that no violations of,COMPRESS,65,35,30,Interpretar cobertura RQ1,Relevancia de obligaciones complementarias,Resultados y siete propiedades,"06.04, 03.21",LOW,Retener interpretación y abreviar inventario de propiedades,Párrafo o entrada sustantiva,https://github.com/kapumota/dtl-lab/blob/5195d94b2ade1933a726d1d2106cc35a11c37f47/manuscript/paper1/sections/07-discussion.tex
07.02,Discussion,Bounded verification evidence,manuscript/paper1/sections/07-discussion.tex,16-23,The strength of this evidence is determined by the explored,COMPRESS,71,42,29,Interpretar censura,"Timeout delimita espacio verificado, no violación",Resultados por perfil,"06.08, 06.45",LOW,Conservar significado sin renarrar perfiles completos,Párrafo o entrada sustantiva,https://github.com/kapumota/dtl-lab/blob/5195d94b2ade1933a726d1d2106cc35a11c37f47/manuscript/paper1/sections/07-discussion.tex
07.03,Discussion,Bounded verification evidence,manuscript/paper1/sections/07-discussion.tex,25-30,This distinction is important for interpreting H1. The experiment supports,COMPRESS,58,35,23,Delimitar H1,No extender ausencia a estados no explorados,Respuesta RQ1,06.12,LOW,Mantener inferencia específica en versión breve,Párrafo o entrada sustantiva,https://github.com/kapumota/dtl-lab/blob/5195d94b2ade1933a726d1d2106cc35a11c37f47/manuscript/paper1/sections/07-discussion.tex
07.04,Discussion,Bounded verification evidence,manuscript/paper1/sections/07-discussion.tex,32-38,The complementary use of TLC and Alloy strengthens the bounded,COMPRESS,60,43,17,Interpretar doble formalismo,Corroboración sin espacios ni pruebas equivalentes,Modelo y Construct validity,"03.18-03.20, 08.01",LOW,Mantener distinción y acortar introducción,Párrafo o entrada sustantiva,https://github.com/kapumota/dtl-lab/blob/5195d94b2ade1933a726d1d2106cc35a11c37f47/manuscript/paper1/sections/07-discussion.tex
07.05,Discussion,Mutation sensitivity and property adequacy,manuscript/paper1/sections/07-discussion.tex,43-50,RQ2 complements the absence-of-counterexample evidence from RQ1 by testing whether,COMPRESS,74,42,32,Interpretar sensibilidad,Mutantes hacen más informativa la satisfacción válida,"10/10, score, réplicas","06.15, 06.23",LOW,Una referencia numérica breve y priorizar interpretación,Párrafo o entrada sustantiva,https://github.com/kapumota/dtl-lab/blob/5195d94b2ade1933a726d1d2106cc35a11c37f47/manuscript/paper1/sections/07-discussion.tex
07.06,Discussion,Mutation sensitivity and property adequacy,manuscript/paper1/sections/07-discussion.tex,52-60,This distinction strengthens the interpretation of the formal verification results.,MERGE,76,43,33,Explicar adecuación dirigida,Mecanismos ejercitados por mutantes,Interpretación anterior y catálogo,"07.05, 05.14",LOW,Fusionar con 07.05 sin otra lista extensa,Párrafo o entrada sustantiva,https://github.com/kapumota/dtl-lab/blob/5195d94b2ade1933a726d1d2106cc35a11c37f47/manuscript/paper1/sections/07-discussion.tex
07.07,Discussion,Mutation sensitivity and property adequacy,manuscript/paper1/sections/07-discussion.tex,62-68,The mutation results also expose the role of tool-specific formal,COMPRESS,50,35,15,Interpretar encodings,Misma intención de defecto con targets distintos,Detalle exacto,06.18,LOW,Mantener significado y remitir a Tabla3,Párrafo o entrada sustantiva,https://github.com/kapumota/dtl-lab/blob/5195d94b2ade1933a726d1d2106cc35a11c37f47/manuscript/paper1/sections/07-discussion.tex
07.08,Discussion,Mutation sensitivity and property adequacy,manuscript/paper1/sections/07-discussion.tex,70-75,The interpretation nevertheless remains bounded by the predefined mutation catalogue.,COMPRESS,50,32,18,Limitar score perfecto,No completitud frente a errores arbitrarios,Methodology y Threats,"04.29, 08.30",LOW,Advertencia interpretativa corta,Párrafo o entrada sustantiva,https://github.com/kapumota/dtl-lab/blob/5195d94b2ade1933a726d1d2106cc35a11c37f47/manuscript/paper1/sections/07-discussion.tex
07.09,Discussion,Mutation sensitivity and property adequacy,manuscript/paper1/sections/07-discussion.tex,77-82,"Accordingly, the contribution of RQ2 is evidence of property sensitivity",MERGE,45,22,23,Cerrar RQ1/RQ2,Satisfacción y sensibilidad complementarias,07.05-07.06,07.05-07.06,LOW,Fusionar cierre evitando tercera formulación,Párrafo o entrada sustantiva,https://github.com/kapumota/dtl-lab/blob/5195d94b2ade1933a726d1d2106cc35a11c37f47/manuscript/paper1/sections/07-discussion.tex
07.10,Discussion,Implementation-model trace conformance,manuscript/paper1/sections/07-discussion.tex,87-92,RQ3 connects the formal models with the executable Java implementation,COMPRESS,54,25,29,Introducir interpretación RQ3,Vínculo observado Java-TLA+,300/300 y diagnósticos,"06.28, 06.35",LOW,Remitir a Results sin repetir todos los numeradores,Párrafo o entrada sustantiva,https://github.com/kapumota/dtl-lab/blob/5195d94b2ade1933a726d1d2106cc35a11c37f47/manuscript/paper1/sections/07-discussion.tex
07.11,Discussion,Implementation-model trace conformance,manuscript/paper1/sections/07-discussion.tex,94-99,These results provide evidence that the abstraction used by the,COMPRESS,49,38,11,Interpretar controles negativos,Rechazo dirigido refuerza aceptación de válidas,Resultados descriptivos,06.34,LOW,Conservar aporte del diseño positivo/negativo,Párrafo o entrada sustantiva,https://github.com/kapumota/dtl-lab/blob/5195d94b2ade1933a726d1d2106cc35a11c37f47/manuscript/paper1/sections/07-discussion.tex
07.12,Discussion,Implementation-model trace conformance,manuscript/paper1/sections/07-discussion.tex,101-105,The diagnostic agreement is particularly relevant. A generic rejection would,MERGE,41,30,11,Interpretar localización de error,Diagnóstico esperado aporta más que fallo genérico,Explicación anterior,"07.11, 06.34",LOW,Fusionar con 07.11 preservando distinción,Párrafo o entrada sustantiva,https://github.com/kapumota/dtl-lab/blob/5195d94b2ade1933a726d1d2106cc35a11c37f47/manuscript/paper1/sections/07-discussion.tex
07.13,Discussion,Implementation-model trace conformance,manuscript/paper1/sections/07-discussion.tex,107-113,The conformance result nevertheless has a deliberately limited scope. The,COMPRESS,58,37,21,Limitar alcance observable,"Abstracción elegida, no todas las ejecuciones",10+10 y 30 seeds,"06.27, 08.24",LOW,Mantener límite sin volver a contar catálogo,Párrafo o entrada sustantiva,https://github.com/kapumota/dtl-lab/blob/5195d94b2ade1933a726d1d2106cc35a11c37f47/manuscript/paper1/sections/07-discussion.tex
07.14,Discussion,Implementation-model trace conformance,manuscript/paper1/sections/07-discussion.tex,115-120,"In particular, this evidence must not be interpreted as a",KEEP,50,50,0,Explicar falta de refinement,Relación semántica completa requerida vs trazas observadas,Advertencia metodológica,04.14,NONE,"No es redundancia funcional, pues explica por qué",Párrafo o entrada sustantiva,https://github.com/kapumota/dtl-lab/blob/5195d94b2ade1933a726d1d2106cc35a11c37f47/manuscript/paper1/sections/07-discussion.tex
07.15,Discussion,Implementation-model trace conformance,manuscript/paper1/sections/07-discussion.tex,122-125,RQ3 therefore contributes an implementation-facing validation layer: the formal abstraction,MERGE,33,18,15,Cerrar papel de RQ3,Confrontación con implementación,Interpretación de 07.11,07.11,LOW,Fusionar cierre con argumento principal,Párrafo o entrada sustantiva,https://github.com/kapumota/dtl-lab/blob/5195d94b2ade1933a726d1d2106cc35a11c37f47/manuscript/paper1/sections/07-discussion.tex
07.16,Discussion,Verification cost and scalability,manuscript/paper1/sections/07-discussion.tex,130-134,RQ4 shows that the verification campaign is constrained not only,COMPRESS,48,30,18,Interpretar RQ4,Recursos condicionan evidencia,Resultado crecimiento/H4,06.53-06.54,LOW,Priorizar significado de coste,Párrafo o entrada sustantiva,https://github.com/kapumota/dtl-lab/blob/5195d94b2ade1933a726d1d2106cc35a11c37f47/manuscript/paper1/sections/07-discussion.tex
07.17,Discussion,Verification cost and scalability,manuscript/paper1/sections/07-discussion.tex,136-142,"For Alloy, all three ordered bound profiles completed. Median elapsed",COMPRESS,68,43,25,Interpretar Alloy,Tres ordinales no identifican forma funcional,Medianas y Spearman,06.41-06.43,LOW,"Mantener argumento inferencial, quitar renarración numérica",Párrafo o entrada sustantiva,https://github.com/kapumota/dtl-lab/blob/5195d94b2ade1933a726d1d2106cc35a11c37f47/manuscript/paper1/sections/07-discussion.tex
07.18,Discussion,Verification cost and scalability,manuscript/paper1/sections/07-discussion.tex,144-150,The TLC results expose a stronger scalability boundary. The small,COMPRESS,68,42,26,Interpretar TLC-large,Censura completa impide mediana/comparación a tres niveles,70 y 1800s,06.45,LOW,Una mención suficiente del evento y sus consecuencias,Párrafo o entrada sustantiva,https://github.com/kapumota/dtl-lab/blob/5195d94b2ade1933a726d1d2106cc35a11c37f47/manuscript/paper1/sections/07-discussion.tex
07.19,Discussion,Verification cost and scalability,manuscript/paper1/sections/07-discussion.tex,152-156,The TLC-large outcome should not be interpreted as an experimental,MERGE,45,30,15,Interpretar timeout legítimo,Exclusión ocultaría envelope de verificación,Censura ya interpretada,07.18,LOW,Fusionar sin presentar timeout como éxito,Párrafo o entrada sustantiva,https://github.com/kapumota/dtl-lab/blob/5195d94b2ade1933a726d1d2106cc35a11c37f47/manuscript/paper1/sections/07-discussion.tex
07.20,Discussion,Verification cost and scalability,manuscript/paper1/sections/07-discussion.tex,158-163,The enabled-fault profiles provide an additional view of verification cost.,COMPRESS,53,40,13,Interpretar fault profiles,Estructura de comportamiento afecta coste,Orden y nombres en Tabla6,06.48-06.49,LOW,Conservar implicación y abreviar recapitulación,Párrafo o entrada sustantiva,https://github.com/kapumota/dtl-lab/blob/5195d94b2ade1933a726d1d2106cc35a11c37f47/manuscript/paper1/sections/07-discussion.tex
07.21,Discussion,Verification cost and scalability,manuscript/paper1/sections/07-discussion.tex,165-170,The evidence therefore supports a descriptive conclusion that bounded verification,COMPRESS,52,34,18,Delimitar crecimiento,No nonlinear ni ley asintótica,Razones en 07.17-07.18,"07.17-07.18, 06.54",LOW,Síntesis de límites sin repetir todos los niveles,Párrafo o entrada sustantiva,https://github.com/kapumota/dtl-lab/blob/5195d94b2ade1933a726d1d2106cc35a11c37f47/manuscript/paper1/sections/07-discussion.tex
07.22,Discussion,Verification cost and scalability,manuscript/paper1/sections/07-discussion.tex,172-177,"Finally, the cost results must be interpreted within each formal",COMPRESS,51,32,19,Limitar comparación formal,Medidas absolutas no establecen superioridad,Methodology y Threats,"04.40, 08.03",LOW,Mantener límite local condensado,Párrafo o entrada sustantiva,https://github.com/kapumota/dtl-lab/blob/5195d94b2ade1933a726d1d2106cc35a11c37f47/manuscript/paper1/sections/07-discussion.tex
07.23,Discussion,Cross-layer evidence triangulation,manuscript/paper1/sections/07-discussion.tex,182-185,The four research questions are intended to provide complementary evidence,KEEP,29,29,0,Abrir síntesis integrada,Capas no son cuatro pruebas independientes,Methodology,04.42-04.47,NONE,"Es interpretación global útil, no simple repetición",Párrafo o entrada sustantiva,https://github.com/kapumota/dtl-lab/blob/5195d94b2ade1933a726d1d2106cc35a11c37f47/manuscript/paper1/sections/07-discussion.tex
07.24,Discussion,Cross-layer evidence triangulation,manuscript/paper1/sections/07-discussion.tex,187-193,RQ1 examines whether the declared safety and liveness-related properties survive,COMPRESS,59,35,24,Integrar RQ1/RQ2,RQ2 cubre insuficiencia de satisfacción válida,Interpretación de mutación,07.05-07.06,LOW,Acortar explicación ya desarrollada en misma sección,Párrafo o entrada sustantiva,https://github.com/kapumota/dtl-lab/blob/5195d94b2ade1933a726d1d2106cc35a11c37f47/manuscript/paper1/sections/07-discussion.tex
07.25,Discussion,Cross-layer evidence triangulation,manuscript/paper1/sections/07-discussion.tex,195-201,"Conversely, completed bounded formal verification and mutation detection remain statements",COMPRESS,54,33,21,Integrar RQ3,Formalismo no garantiza comportamiento Java,Interpretación RQ3,"07.11, 07.14",LOW,Mantener transición lógica sin redescribir procedimiento,Párrafo o entrada sustantiva,https://github.com/kapumota/dtl-lab/blob/5195d94b2ade1933a726d1d2106cc35a11c37f47/manuscript/paper1/sections/07-discussion.tex
07.26,Discussion,Cross-layer evidence triangulation,manuscript/paper1/sections/07-discussion.tex,203-208,RQ4 addresses a different limitation: whether the verification evidence can,COMPRESS,50,30,20,Integrar RQ4,Coste hace explícita factibilidad,Interpretación de coste,07.16-07.21,LOW,Sintetizar consecuencia metodológica,Párrafo o entrada sustantiva,https://github.com/kapumota/dtl-lab/blob/5195d94b2ade1933a726d1d2106cc35a11c37f47/manuscript/paper1/sections/07-discussion.tex
07.27,Discussion,Cross-layer evidence triangulation,manuscript/paper1/sections/07-discussion.tex,210-217,"Taken together, these layers form an evidence chain: bounded property",MERGE,20,10,10,Resumir cadena,Orden de capas,Esquema metodológico,04.46,LOW,"Integrar cadena en texto, evitar segundo bloque destacado",Hipótesis o cadena con introducción,https://github.com/kapumota/dtl-lab/blob/5195d94b2ade1933a726d1d2106cc35a11c37f47/manuscript/paper1/sections/07-discussion.tex
07.28,Discussion,Cross-layer evidence triangulation,manuscript/paper1/sections/07-discussion.tex,219-225,The value of this chain lies in the different failure,COMPRESS,65,48,17,Delimitar combinación,Ninguna capa elimina límites de otra,Amenazas por capa,08 y 07.24-07.26,LOW,Mantener principio central de no acumulación probatoria,Párrafo o entrada sustantiva,https://github.com/kapumota/dtl-lab/blob/5195d94b2ade1933a726d1d2106cc35a11c37f47/manuscript/paper1/sections/07-discussion.tex
07.29,Discussion,Cross-layer evidence triangulation,manuscript/paper1/sections/07-discussion.tex,227-231,The combined result is therefore not a general proof of,COMPRESS,38,24,14,Cerrar inferencia global,"Argumento reproducible, no prueba general",Apertura de triangulación,07.23,LOW,Cierre corto con límite explícito,Párrafo o entrada sustantiva,https://github.com/kapumota/dtl-lab/blob/5195d94b2ade1933a726d1d2106cc35a11c37f47/manuscript/paper1/sections/07-discussion.tex
07.30,Discussion,Cross-layer evidence triangulation,manuscript/paper1/sections/07-discussion.tex,233-237,This integration is central to the methodological contribution of the,MERGE,44,20,24,Reafirmar contribución,Integración con recursos y límites,Contribución y cierre previo,"02.14, 07.29",LOW,Fusionar con 07.29,Párrafo o entrada sustantiva,https://github.com/kapumota/dtl-lab/blob/5195d94b2ade1933a726d1d2106cc35a11c37f47/manuscript/paper1/sections/07-discussion.tex
08.01,Threats to Validity,Construct validity,manuscript/paper1/sections/08-threats-to-validity.tex,7-13,A first construct-validity threat concerns the relationship between the TLA+,COMPRESS,55,42,13,Definir amenaza constructo formal,Propiedades homónimas no son semánticamente idénticas,Modelo,03.18-03.20,LOW,Mantener amenaza sin extensa presentación,Párrafo o entrada sustantiva,https://github.com/kapumota/dtl-lab/blob/5195d94b2ade1933a726d1d2106cc35a11c37f47/manuscript/paper1/sections/08-threats-to-validity.tex
08.02,Threats to Validity,Construct validity,manuscript/paper1/sections/08-threats-to-validity.tex,15-22,This threat is mitigated by defining the experimental claims at,MERGE,56,40,16,Mitigar constructo formal,Obligaciones y target específico por encoding,Ejemplo completo en Results,06.18,LOW,"Unir amenaza y mitigación, sin quitar ejemplo esencial",Párrafo o entrada sustantiva,https://github.com/kapumota/dtl-lab/blob/5195d94b2ade1933a726d1d2106cc35a11c37f47/manuscript/paper1/sections/08-threats-to-validity.tex
08.03,Threats to Validity,Construct validity,manuscript/paper1/sections/08-threats-to-validity.tex,24-30,A second threat concerns the use of verification-cost metrics across,COMPRESS,57,42,15,Definir amenaza métrica,Unidades de exploración no equivalentes,Methodology,04.40,LOW,Retener causa de no comparabilidad,Párrafo o entrada sustantiva,https://github.com/kapumota/dtl-lab/blob/5195d94b2ade1933a726d1d2106cc35a11c37f47/manuscript/paper1/sections/08-threats-to-validity.tex
08.04,Threats to Validity,Construct validity,manuscript/paper1/sections/08-threats-to-validity.tex,32-36,"To reduce this threat, cost trends are interpreted within each",MERGE,42,28,14,Mitigar comparabilidad,Análisis dentro de herramienta,Regla metodológica,05.44,LOW,Fusionar con 08.03 conservando prohibición de superioridad,Párrafo o entrada sustantiva,https://github.com/kapumota/dtl-lab/blob/5195d94b2ade1933a726d1d2106cc35a11c37f47/manuscript/paper1/sections/08-threats-to-validity.tex
08.05,Threats to Validity,Construct validity,manuscript/paper1/sections/08-threats-to-validity.tex,38-44,A third construct-validity threat affects the implementation-model conformance experiment. RQ3,COMPRESS,62,46,16,Definir constructo de conformance,Abstracción observable vs estado Java completo,Modelo y Methodology,"03.17, 04.31",LOW,"Mantener amenaza, no moverla fuera de Threats",Párrafo o entrada sustantiva,https://github.com/kapumota/dtl-lab/blob/5195d94b2ade1933a726d1d2106cc35a11c37f47/manuscript/paper1/sections/08-threats-to-validity.tex
08.06,Threats to Validity,Construct validity,manuscript/paper1/sections/08-threats-to-validity.tex,46-50,"This limitation is addressed by freezing the trace representation, scenario",MERGE,44,33,11,Mitigar sesgo de abstracción,Freeze de mapa/catálogo y diagnósticos negativos,Método replay,04.31-04.35,LOW,Fusionar con 08.05 preservando mitigación,Párrafo o entrada sustantiva,https://github.com/kapumota/dtl-lab/blob/5195d94b2ade1933a726d1d2106cc35a11c37f47/manuscript/paper1/sections/08-threats-to-validity.tex
08.07,Threats to Validity,Construct validity,manuscript/paper1/sections/08-threats-to-validity.tex,52-57,"Finally, mutation sensitivity is an operational proxy for the adequacy",COMPRESS,47,35,12,Definir proxy de adecuación,Mutación dirigida no taxonomía exhaustiva,Catálogo en diseño,05.14,LOW,Mantener amenaza de constructo distinta de generalización,Párrafo o entrada sustantiva,https://github.com/kapumota/dtl-lab/blob/5195d94b2ade1933a726d1d2106cc35a11c37f47/manuscript/paper1/sections/08-threats-to-validity.tex
08.08,Threats to Validity,Construct validity,manuscript/paper1/sections/08-threats-to-validity.tex,59-62,"Accordingly, the mutation score is interpreted only with respect to",MERGE,39,25,14,Limitar proxy mutacional,Score1.0 no completa detección,Definición MutationScore,04.29,LOW,Integrar con 08.07,Párrafo o entrada sustantiva,https://github.com/kapumota/dtl-lab/blob/5195d94b2ade1933a726d1d2106cc35a11c37f47/manuscript/paper1/sections/08-threats-to-validity.tex
08.09,Threats to Validity,Internal validity,manuscript/paper1/sections/08-threats-to-validity.tex,67-70,A first internal-validity threat concerns variation in host load and,COMPRESS,31,24,7,Definir ruido ambiental,Carga ajena afecta tiempo/RSS,Condición host,05.28,LOW,Conservar mecanismo de confusión,Párrafo o entrada sustantiva,https://github.com/kapumota/dtl-lab/blob/5195d94b2ade1933a726d1d2106cc35a11c37f47/manuscript/paper1/sections/08-threats-to-validity.tex
08.10,Threats to Validity,Internal validity,manuscript/paper1/sections/08-threats-to-validity.tex,72-75,This threat is mitigated by executing the definitive campaign on,MERGE,40,29,11,Mitigar ruido,Linux dedicado y serialización,Diseño ambiente/recursos,"05.25, 05.28-05.29",LOW,Unir amenaza y mitigación,Párrafo o entrada sustantiva,https://github.com/kapumota/dtl-lab/blob/5195d94b2ade1933a726d1d2106cc35a11c37f47/manuscript/paper1/sections/08-threats-to-validity.tex
08.11,Threats to Validity,Internal validity,manuscript/paper1/sections/08-threats-to-validity.tex,77-81,A second threat concerns startup and runtime effects that may,COMPRESS,46,35,11,Mitigar arranque/runtime,Warmups retenidos pero fuera de análisis,Diseño de repeticiones,05.22,LOW,Mantener causa y medida de mitigación,Párrafo o entrada sustantiva,https://github.com/kapumota/dtl-lab/blob/5195d94b2ade1933a726d1d2106cc35a11c37f47/manuscript/paper1/sections/08-threats-to-validity.tex
08.12,Threats to Validity,Internal validity,manuscript/paper1/sections/08-threats-to-validity.tex,83-87,A third threat concerns nondeterminism in scenario generation and execution,COMPRESS,43,32,11,Mitigar nondeterminismo,Seeds/familias congeladas sin adaptación,Freeze y seeds,"05.01, 05.20",LOW,Conservar amenaza y control específico,Párrafo o entrada sustantiva,https://github.com/kapumota/dtl-lab/blob/5195d94b2ade1933a726d1d2106cc35a11c37f47/manuscript/paper1/sections/08-threats-to-validity.tex
08.13,Threats to Validity,Internal validity,manuscript/paper1/sections/08-threats-to-validity.tex,89-93,A fourth threat is measurement instrumentation. Elapsed time and maximum,COMPRESS,34,27,7,Definir amenaza instrumental,Medición OS y parsers específicos,Outcomes registrados,05.32-05.38,LOW,Mantener posible confusión con resultado científico,Párrafo o entrada sustantiva,https://github.com/kapumota/dtl-lab/blob/5195d94b2ade1933a726d1d2106cc35a11c37f47/manuscript/paper1/sections/08-threats-to-validity.tex
08.14,Threats to Validity,Internal validity,manuscript/paper1/sections/08-threats-to-validity.tex,95-99,"To reduce this risk, instrumentation errors are classified separately from",MERGE,38,28,10,Mitigar instrumentación,Separación error y retry predefinido,Política retry,05.38,LOW,Fusionar con 08.13,Párrafo o entrada sustantiva,https://github.com/kapumota/dtl-lab/blob/5195d94b2ade1933a726d1d2106cc35a11c37f47/manuscript/paper1/sections/08-threats-to-validity.tex
08.15,Threats to Validity,Internal validity,manuscript/paper1/sections/08-threats-to-validity.tex,101-105,Timeout handling constitutes an additional internal-validity concern. A run that,COMPRESS,48,36,12,Explicar sesgo de timeout,Tiempo final desconocido e imputación sesgada,Política de censura,05.37,LOW,Mantener por qué la sustitución por 1800 sesga,Párrafo o entrada sustantiva,https://github.com/kapumota/dtl-lab/blob/5195d94b2ade1933a726d1d2106cc35a11c37f47/manuscript/paper1/sections/08-threats-to-validity.tex
08.16,Threats to Validity,Internal validity,manuscript/paper1/sections/08-threats-to-validity.tex,107-111,The protocol therefore retains timeout and out-of-memory outcomes as censored,MERGE,44,30,14,Mitigar censura,Retención sin éxito imputado ni reruns selectivos,Política operativa,05.37-05.38,LOW,Fusionar con 08.15,Párrafo o entrada sustantiva,https://github.com/kapumota/dtl-lab/blob/5195d94b2ade1933a726d1d2106cc35a11c37f47/manuscript/paper1/sections/08-threats-to-validity.tex
08.17,Threats to Validity,Internal validity,manuscript/paper1/sections/08-threats-to-validity.tex,113-118,"Finally, the definitive experiment is governed by a frozen protocol",COMPRESS,49,34,15,Mitigar adaptación post hoc,Freeze previo reduce selección de diseño,Inventario de parámetros,"04.02, 05.01",LOW,Mantener amenaza y abreviar lista de factores,Párrafo o entrada sustantiva,https://github.com/kapumota/dtl-lab/blob/5195d94b2ade1933a726d1d2106cc35a11c37f47/manuscript/paper1/sections/08-threats-to-validity.tex
08.18,Threats to Validity,External validity,manuscript/paper1/sections/08-threats-to-validity.tex,123-127,A first external-validity limitation is that the study evaluates one,COMPRESS,40,30,10,Delimitar población de protocolos,Un protocolo y sus representaciones,Objeto de estudio,03.01,LOW,Mantener alcance externo explícito,Párrafo o entrada sustantiva,https://github.com/kapumota/dtl-lab/blob/5195d94b2ade1933a726d1d2106cc35a11c37f47/manuscript/paper1/sections/08-threats-to-validity.tex
08.19,Threats to Validity,External validity,manuscript/paper1/sections/08-threats-to-validity.tex,129-134,"In particular, the results should not be generalized directly to",MERGE,46,34,12,Delimitar producción,Simulador y diferencias de consenso/red/cripto/adversario,Modelo,"03.04, 03.24",LOW,Fusionar con 08.18 conservando exclusiones,Párrafo o entrada sustantiva,https://github.com/kapumota/dtl-lab/blob/5195d94b2ade1933a726d1d2106cc35a11c37f47/manuscript/paper1/sections/08-threats-to-validity.tex
08.20,Threats to Validity,External validity,manuscript/paper1/sections/08-threats-to-validity.tex,136-141,"A second limitation concerns the bounded formal configurations. The small,",COMPRESS,46,34,12,Delimitar tamaños,Perfiles finitos no despliegues arbitrarios,Tabla1,05.08-05.11,LOW,Remitir a parámetros sin repetirlos todos,Párrafo o entrada sustantiva,https://github.com/kapumota/dtl-lab/blob/5195d94b2ade1933a726d1d2106cc35a11c37f47/manuscript/paper1/sections/08-threats-to-validity.tex
08.21,Threats to Validity,External validity,manuscript/paper1/sections/08-threats-to-validity.tex,143-146,"Consequently, completion without a counterexample within the bounded profiles does",MERGE,33,24,9,Limitar extrapolación de bounds,Mayor tamaño puede cambiar tractabilidad/counterexamples,Amenaza anterior,08.20,LOW,Conservar ambas consecuencias al fusionar,Párrafo o entrada sustantiva,https://github.com/kapumota/dtl-lab/blob/5195d94b2ade1933a726d1d2106cc35a11c37f47/manuscript/paper1/sections/08-threats-to-validity.tex
08.22,Threats to Validity,External validity,manuscript/paper1/sections/08-threats-to-validity.tex,148-153,A third limitation concerns the mutation catalogue. The experiment contains,COMPRESS,47,34,13,Delimitar catálogo mutacional,Posibles defectos e interacciones no incluidos,Catálogo,05.14,LOW,"Mantener amenaza externa, no sustituir por construct validity",Párrafo o entrada sustantiva,https://github.com/kapumota/dtl-lab/blob/5195d94b2ade1933a726d1d2106cc35a11c37f47/manuscript/paper1/sections/08-threats-to-validity.tex
08.23,Threats to Validity,External validity,manuscript/paper1/sections/08-threats-to-validity.tex,155-157,The mutation results should therefore be generalized only to the,MERGE,26,18,8,Limitar generalización mutación,No bugs/arbitrarios ni adversarios generales,Amenaza anterior,08.22,LOW,Fusionar sin extender clases evaluadas,Párrafo o entrada sustantiva,https://github.com/kapumota/dtl-lab/blob/5195d94b2ade1933a726d1d2106cc35a11c37f47/manuscript/paper1/sections/08-threats-to-validity.tex
08.24,Threats to Validity,External validity,manuscript/paper1/sections/08-threats-to-validity.tex,159-164,A fourth limitation concerns implementation-model trace conformance. The trace experiment,COMPRESS,48,36,12,Delimitar escenarios,10+10 y 30 seeds no exhaustivos,Resultados catálogo,"06.27, 06.32-06.33",LOW,Conservar no exhaustividad y referencia a cobertura,Párrafo o entrada sustantiva,https://github.com/kapumota/dtl-lab/blob/5195d94b2ade1933a726d1d2106cc35a11c37f47/manuscript/paper1/sections/08-threats-to-validity.tex
08.25,Threats to Validity,External validity,manuscript/paper1/sections/08-threats-to-validity.tex,166-168,The RQ3 result therefore supports generalization to the evaluated trace,MERGE,26,18,8,Limitar generalización RQ3,Solo clases/abstracción/bounds,Amenaza anterior,08.24,LOW,Fusionar sin garantía para todo workload,Párrafo o entrada sustantiva,https://github.com/kapumota/dtl-lab/blob/5195d94b2ade1933a726d1d2106cc35a11c37f47/manuscript/paper1/sections/08-threats-to-validity.tex
08.26,Threats to Validity,External validity,manuscript/paper1/sections/08-threats-to-validity.tex,170-175,"Finally, the verification-cost observations depend on the selected formal models,",COMPRESS,50,39,11,Delimitar costes externos,Dependencia de modelos/tools/ambiente/recursos,Diseño y límites RQ4,"05.02, 05.25, 06.54",LOW,Mantener factores de dependencia,Párrafo o entrada sustantiva,https://github.com/kapumota/dtl-lab/blob/5195d94b2ade1933a726d1d2106cc35a11c37f47/manuscript/paper1/sections/08-threats-to-validity.tex
08.27,Threats to Validity,External validity,manuscript/paper1/sections/08-threats-to-validity.tex,177-180,These limitations are addressed by restricting the claims to the,COMPRESS,32,22,10,Mitigar generalización,Restricción de claims y protocolo preservado,Mitigaciones por amenaza,08.18-08.26,LOW,Cierre breve sin repetir inventario completo,Párrafo o entrada sustantiva,https://github.com/kapumota/dtl-lab/blob/5195d94b2ade1933a726d1d2106cc35a11c37f47/manuscript/paper1/sections/08-threats-to-validity.tex
08.28,Threats to Validity,Conclusion validity,manuscript/paper1/sections/08-threats-to-validity.tex,185-190,A first conclusion-validity threat concerns the interpretation of absence of,COMPRESS,54,42,12,Definir amenaza inferencia RQ1,"Ausencia no prueba estadística/general, censura total",Respuesta RQ1,06.12,LOW,Mantener razonamiento inferencial,Párrafo o entrada sustantiva,https://github.com/kapumota/dtl-lab/blob/5195d94b2ade1933a726d1d2106cc35a11c37f47/manuscript/paper1/sections/08-threats-to-validity.tex
08.29,Threats to Validity,Conclusion validity,manuscript/paper1/sections/08-threats-to-validity.tex,192-195,The RQ1 conclusion is therefore restricted to the completed bounded,MERGE,29,20,9,Restringir conclusión RQ1,"Solo completadas, no convertir censura en éxito",Amenaza anterior,08.28,LOW,Integrar conclusión con amenaza,Párrafo o entrada sustantiva,https://github.com/kapumota/dtl-lab/blob/5195d94b2ade1933a726d1d2106cc35a11c37f47/manuscript/paper1/sections/08-threats-to-validity.tex
08.30,Threats to Validity,Conclusion validity,manuscript/paper1/sections/08-threats-to-validity.tex,197-203,A second threat concerns the mutation result. Detection of all,KEEP,72,72,0,Delimitar inferencia mutacional,Diez mutantes no muestra aleatoria de defectos,Score en Results,06.23-06.25,NONE,"Información metodológica crítica, no inferir probabilidad universal",Párrafo o entrada sustantiva,https://github.com/kapumota/dtl-lab/blob/5195d94b2ade1933a726d1d2106cc35a11c37f47/manuscript/paper1/sections/08-threats-to-validity.tex
08.31,Threats to Validity,Conclusion validity,manuscript/paper1/sections/08-threats-to-validity.tex,205-211,A third threat concerns the perfect observed classification rates in,COMPRESS,61,48,13,Delimitar muestreo RQ3,Seeds y clases no muestra aleatoria de Java,Tamaños en Results,06.27,LOW,Mantener razón de alcance de tasas perfectas,Párrafo o entrada sustantiva,https://github.com/kapumota/dtl-lab/blob/5195d94b2ade1933a726d1d2106cc35a11c37f47/manuscript/paper1/sections/08-threats-to-validity.tex
08.32,Threats to Validity,Conclusion validity,manuscript/paper1/sections/08-threats-to-validity.tex,213-217,"Accordingly, the observed classification proportions and their associated interval estimates",MERGE,32,24,8,Limitar intervalos RQ3,"IC caracteriza población evaluada, no garantía general",Amenaza anterior,08.31,LOW,Fusionar conservando interpretación de Wilson,Párrafo o entrada sustantiva,https://github.com/kapumota/dtl-lab/blob/5195d94b2ade1933a726d1d2106cc35a11c37f47/manuscript/paper1/sections/08-threats-to-validity.tex
08.33,Threats to Validity,Conclusion validity,manuscript/paper1/sections/08-threats-to-validity.tex,219-223,The principal conclusion-validity limitation affects RQ4. Alloy provides only three,KEEP,44,44,0,Delimitar Spearman,Tres niveles/rho1 no identifican curva,Discussion,07.17,NONE,Conservar amenaza inferencial canónica,Párrafo o entrada sustantiva,https://github.com/kapumota/dtl-lab/blob/5195d94b2ade1933a726d1d2106cc35a11c37f47/manuscript/paper1/sections/08-threats-to-validity.tex
08.34,Threats to Validity,Conclusion validity,manuscript/paper1/sections/08-threats-to-validity.tex,225-229,"For TLC, only the small and medium profiles provide completed",COMPRESS,39,32,7,Delimitar TLC,"Dos niveles completos, sin distribución large",Resultados coste,06.45-06.46,LOW,Preservar ambas restricciones,Párrafo o entrada sustantiva,https://github.com/kapumota/dtl-lab/blob/5195d94b2ade1933a726d1d2106cc35a11c37f47/manuscript/paper1/sections/08-threats-to-validity.tex
08.35,Threats to Validity,Conclusion validity,manuscript/paper1/sections/08-threats-to-validity.tex,231-235,Censoring also affects descriptive summaries. Medians computed from completed executions,KEEP,33,33,0,Definir sesgo de completadas,Censura selectiva puede subestimar carga,Censura operativa,05.37,NONE,"Consecuencia única, no redundante",Párrafo o entrada sustantiva,https://github.com/kapumota/dtl-lab/blob/5195d94b2ade1933a726d1d2106cc35a11c37f47/manuscript/paper1/sections/08-threats-to-validity.tex
08.36,Threats to Validity,Conclusion validity,manuscript/paper1/sections/08-threats-to-validity.tex,237-241,"For these reasons, H4 is interpreted as evidence of increasing",COMPRESS,41,30,11,Cerrar inferencia H4,Crecimiento sin nonlinear/asintótico,H4 en Results,06.54,LOW,Mantener dictamen exacto,Párrafo o entrada sustantiva,https://github.com/kapumota/dtl-lab/blob/5195d94b2ade1933a726d1d2106cc35a11c37f47/manuscript/paper1/sections/08-threats-to-validity.tex
08.37,Threats to Validity,Conclusion validity,manuscript/paper1/sections/08-threats-to-validity.tex,243-247,"More generally, the study emphasizes effect direction, bounded property outcomes,",COMPRESS,42,25,17,Delimitar fuerza global,No claims de significación no sustentados,Resumen de evidencia,07.29,LOW,Cierre compacto sin otra lista de resultados,Párrafo o entrada sustantiva,https://github.com/kapumota/dtl-lab/blob/5195d94b2ade1933a726d1d2106cc35a11c37f47/manuscript/paper1/sections/08-threats-to-validity.tex
09.01,Reproducibility and Artifact,Artifact scope,manuscript/paper1/sections/09-reproducibility-artifact.tex,7-11,The reproducibility artifact is designed to preserve the complete evidence,COMPRESS,42,25,17,Definir artifact,Cadena completa y no solo tablas/código,Resumen de capas,09.02-09.06,LOW,Apertura breve con objeto claro,Párrafo o entrada sustantiva,https://github.com/kapumota/dtl-lab/blob/5195d94b2ade1933a726d1d2106cc35a11c37f47/manuscript/paper1/sections/09-reproducibility-artifact.tex
09.02,Reproducibility and Artifact,Artifact scope,manuscript/paper1/sections/09-reproducibility-artifact.tex,13-18,The first artifact layer contains the scientific source material. This,COMPRESS,52,35,17,Inventariar fuentes,"Java, TLA+ y Alloy con configs/comandos",Modelo y toolchain,"03, 05.02",LOW,Conservar tipos de fuentes sin redescribir estudio,Párrafo o entrada sustantiva,https://github.com/kapumota/dtl-lab/blob/5195d94b2ade1933a726d1d2106cc35a11c37f47/manuscript/paper1/sections/09-reproducibility-artifact.tex
09.03,Reproducibility and Artifact,Artifact scope,manuscript/paper1/sections/09-reproducibility-artifact.tex,20-26,The second layer contains the frozen experimental definition. It records,COMPRESS,57,35,22,Inventariar protocolo,Definición congelada separada de outcomes,Diseño completo,05.01-05.45,LOW,Remitir a diseño conservando función de definición,Párrafo o entrada sustantiva,https://github.com/kapumota/dtl-lab/blob/5195d94b2ade1933a726d1d2106cc35a11c37f47/manuscript/paper1/sections/09-reproducibility-artifact.tex
09.04,Reproducibility and Artifact,Artifact scope,manuscript/paper1/sections/09-reproducibility-artifact.tex,28-33,The third layer contains the preserved experimental evidence. Raw task,COMPRESS,55,35,20,Inventariar evidencia,"Raw, derivados, tablas y figuras preservados",Workflow de regeneración,"09.13, 09.26",LOW,Conservar cadena de datos sin duplicar su desarrollo,Párrafo o entrada sustantiva,https://github.com/kapumota/dtl-lab/blob/5195d94b2ade1933a726d1d2106cc35a11c37f47/manuscript/paper1/sections/09-reproducibility-artifact.tex
09.05,Reproducibility and Artifact,Artifact scope,manuscript/paper1/sections/09-reproducibility-artifact.tex,35-40,The fourth layer contains the reproduction machinery. It provides scripts,COMPRESS,43,28,15,Inventariar machinery,"Scripts de validación, smoke, regeneración, comparación",Workflow detallado,09.10-09.14,LOW,"Inventario breve, no manual",Párrafo o entrada sustantiva,https://github.com/kapumota/dtl-lab/blob/5195d94b2ade1933a726d1d2106cc35a11c37f47/manuscript/paper1/sections/09-reproducibility-artifact.tex
09.06,Reproducibility and Artifact,Artifact scope,manuscript/paper1/sections/09-reproducibility-artifact.tex,42-45,"The final layer contains integrity and traceability evidence. Manifests, content",COMPRESS,30,22,8,Inventariar integridad,"Manifests, hashes, versiones e informes",Integrity and traceability,09.25-09.29,LOW,Conservar tipos y dejar explicación canónica después,Párrafo o entrada sustantiva,https://github.com/kapumota/dtl-lab/blob/5195d94b2ade1933a726d1d2106cc35a11c37f47/manuscript/paper1/sections/09-reproducibility-artifact.tex
09.07,Reproducibility and Artifact,Artifact scope,manuscript/paper1/sections/09-reproducibility-artifact.tex,47-52,These layers serve different reproducibility purposes. The scientific source defines,DELETE_REDUNDANT,46,0,46,Recapitular cinco capas,Ninguna información adicional,Inventario inmediatamente anterior,09.02-09.06,NONE,Eliminar segunda explicación de función de cada capa,Párrafo o entrada sustantiva,https://github.com/kapumota/dtl-lab/blob/5195d94b2ade1933a726d1d2106cc35a11c37f47/manuscript/paper1/sections/09-reproducibility-artifact.tex
09.08,Reproducibility and Artifact,Artifact scope,manuscript/paper1/sections/09-reproducibility-artifact.tex,54-59,"The artifact is therefore intended to support inspection, partial re-execution,",COMPRESS,49,28,21,Delimitar capacidades,"Inspección, re-ejecución parcial y regeneración",Límite reproducción,09.22-09.24,LOW,"Síntesis local con remisión, no desarrollo completo",Párrafo o entrada sustantiva,https://github.com/kapumota/dtl-lab/blob/5195d94b2ade1933a726d1d2106cc35a11c37f47/manuscript/paper1/sections/09-reproducibility-artifact.tex
09.09,Reproducibility and Artifact,Reproduction workflow,manuscript/paper1/sections/09-reproducibility-artifact.tex,64-66,"The reproduction workflow separates structural validation, selective re-execution, analysis regeneration,",COMPRESS,16,10,6,Introducir workflow,Etapas diferenciadas,Descripción siguiente,09.10-09.14,LOW,Apertura mínima,Párrafo o entrada sustantiva,https://github.com/kapumota/dtl-lab/blob/5195d94b2ade1933a726d1d2106cc35a11c37f47/manuscript/paper1/sections/09-reproducibility-artifact.tex
09.10,Reproducibility and Artifact,Reproduction workflow,manuscript/paper1/sections/09-reproducibility-artifact.tex,68-71,The first stage validates the expected artifact structure and checks,COMPRESS,33,20,13,Explicar validación estructural,Comprobar insumos antes de ejecutar,Inventario fuentes,09.02-09.06,LOW,Conservar orden y reducir lista duplicada,Párrafo o entrada sustantiva,https://github.com/kapumota/dtl-lab/blob/5195d94b2ade1933a726d1d2106cc35a11c37f47/manuscript/paper1/sections/09-reproducibility-artifact.tex
09.11,Reproducibility and Artifact,Reproduction workflow,manuscript/paper1/sections/09-reproducibility-artifact.tex,73-76,The second stage prepares an isolated reproduction workspace from the,COMPRESS,32,22,10,Explicar aislamiento,Registrar revisión y no tocar referencia,Evidencia de clon separado,"09.18, 09.24",LOW,Mantener aislamiento sin detalles de directorios,Párrafo o entrada sustantiva,https://github.com/kapumota/dtl-lab/blob/5195d94b2ade1933a726d1d2106cc35a11c37f47/manuscript/paper1/sections/09-reproducibility-artifact.tex
09.12,Reproducibility and Artifact,Reproduction workflow,manuscript/paper1/sections/09-reproducibility-artifact.tex,78-83,The third stage executes a representative smoke suite. The suite,KEEP,52,52,0,Definir smoke suite,"Válido/mutado TLC, Alloy y traza válida/corrupta",Resultado reproducción,09.22,NONE,Mantener las seis clases ejecutadas,Párrafo o entrada sustantiva,https://github.com/kapumota/dtl-lab/blob/5195d94b2ade1933a726d1d2106cc35a11c37f47/manuscript/paper1/sections/09-reproducibility-artifact.tex
09.13,Reproducibility and Artifact,Reproduction workflow,manuscript/paper1/sections/09-reproducibility-artifact.tex,85-88,The fourth stage regenerates the paper-level analysis from the preserved,KEEP,32,32,0,Definir regeneración,Pipeline común desde raw preservado a análisis completo,Inventario de evidencia,09.04,NONE,Canónico para entender qué se regeneró,Párrafo o entrada sustantiva,https://github.com/kapumota/dtl-lab/blob/5195d94b2ade1933a726d1d2106cc35a11c37f47/manuscript/paper1/sections/09-reproducibility-artifact.tex
09.14,Reproducibility and Artifact,Reproduction workflow,manuscript/paper1/sections/09-reproducibility-artifact.tex,90-93,The fifth stage compares the regenerated outputs against the preserved,COMPRESS,30,22,8,Definir comparación,Regenerado vs. referencia mediante hashes/gates,Integridad,09.27,LOW,Conservar acción y objeto comparado,Párrafo o entrada sustantiva,https://github.com/kapumota/dtl-lab/blob/5195d94b2ade1933a726d1d2106cc35a11c37f47/manuscript/paper1/sections/09-reproducibility-artifact.tex
09.15,Reproducibility and Artifact,Reproduction workflow,manuscript/paper1/sections/09-reproducibility-artifact.tex,95-99,A reproduction verdict is produced only after these stages have,COMPRESS,36,22,14,Definir veredicto,"Requiere todas las etapas, no un comando exitoso",Etapas previas,09.10-09.14,LOW,Conservar criterio de cierre en frase corta,Párrafo o entrada sustantiva,https://github.com/kapumota/dtl-lab/blob/5195d94b2ade1933a726d1d2106cc35a11c37f47/manuscript/paper1/sections/09-reproducibility-artifact.tex
09.16,Reproducibility and Artifact,Reproduction workflow,manuscript/paper1/sections/09-reproducibility-artifact.tex,101-105,This workflow intentionally distinguishes two reproducibility goals. Representative re-execution checks,COMPRESS,37,26,11,Distinguir objetivos,Operatividad de smoke vsregeneración de análisis,Descripción de etapas,09.12-09.13,LOW,Mantener distinción sin redescribir mecanismos,Párrafo o entrada sustantiva,https://github.com/kapumota/dtl-lab/blob/5195d94b2ade1933a726d1d2106cc35a11c37f47/manuscript/paper1/sections/09-reproducibility-artifact.tex
09.17,Reproducibility and Artifact,Reproduction workflow,manuscript/paper1/sections/09-reproducibility-artifact.tex,107-111,Neither operation should be interpreted as a new independent measurement,COMPRESS,42,27,15,Limitar independencia empírica,"Raw sigue fuente, no nuevas medidas completas",Resultado no-full-rerun,09.22-09.23,LOW,Conservar advertencia local breve,Párrafo o entrada sustantiva,https://github.com/kapumota/dtl-lab/blob/5195d94b2ade1933a726d1d2106cc35a11c37f47/manuscript/paper1/sections/09-reproducibility-artifact.tex
09.18,Reproducibility and Artifact,Independent reproduction evidence,manuscript/paper1/sections/09-reproducibility-artifact.tex,116-118,The artifact was evaluated through an independent reproduction attempt performed,MERGE,29,18,11,Describir separación histórica,Clon/workspace distinto del productor,Entorno detallado,09.24,LOW,Fusionar con 09.24 conservando las tres separaciones,Párrafo o entrada sustantiva,https://github.com/kapumota/dtl-lab/blob/5195d94b2ade1933a726d1d2106cc35a11c37f47/manuscript/paper1/sections/09-reproducibility-artifact.tex
09.19,Reproducibility and Artifact,Independent reproduction evidence,manuscript/paper1/sections/09-reproducibility-artifact.tex,120-128,The reproduction used source revision 6cd88c377afd23fee4998882f91142d71e7d963e. The packaged artifact used,MOVE_TO_ARTIFACT,38,24,14,Identificar intento histórico,Commit 6cd88... y digest d464...,Rutas absolutas operativas,09.11 y registro histórico citado por 09.19,LOW,"Retener identidad del intento, trasladar solo rutas absolutas a provenance del artifact",Párrafo o entrada sustantiva,https://github.com/kapumota/dtl-lab/blob/5195d94b2ade1933a726d1d2106cc35a11c37f47/manuscript/paper1/sections/09-reproducibility-artifact.tex
09.20,Reproducibility and Artifact,Independent reproduction evidence,manuscript/paper1/sections/09-reproducibility-artifact.tex,130-134,The reproduction workflow completed all ten predefined validation gates. These,KEEP,35,35,0,Reportar gates,"10/10, categorías y cero incidentes",Workflow,09.10-09.15,NONE,"Conservar significado de diez gates, sin inventar lista de diez nombres",Párrafo o entrada sustantiva,https://github.com/kapumota/dtl-lab/blob/5195d94b2ade1933a726d1d2106cc35a11c37f47/manuscript/paper1/sections/09-reproducibility-artifact.tex
09.21,Reproducibility and Artifact,Independent reproduction evidence,manuscript/paper1/sections/09-reproducibility-artifact.tex,136-140,The regenerated analysis products were compared with the preserved reference,COMPRESS,41,30,11,Reportar hashes,32/32 outputs coincidentes,10/10 y cero incidentes ya reportados,09.20,LOW,"Conservar32/32, quitar repetición de otros contadores",Párrafo o entrada sustantiva,https://github.com/kapumota/dtl-lab/blob/5195d94b2ade1933a726d1d2106cc35a11c37f47/manuscript/paper1/sections/09-reproducibility-artifact.tex
09.22,Reproducibility and Artifact,Independent reproduction evidence,manuscript/paper1/sections/09-reproducibility-artifact.tex,142-146,The executable part of the reproduction consisted of the representative,KEEP,45,45,0,Delimitar ejecución histórica,Smoke en lugar de full rerun y regeneración completa,Workflow general,09.12-09.13,NONE,Canónico para alcance del intento exitoso,Párrafo o entrada sustantiva,https://github.com/kapumota/dtl-lab/blob/5195d94b2ade1933a726d1d2106cc35a11c37f47/manuscript/paper1/sections/09-reproducibility-artifact.tex
09.23,Reproducibility and Artifact,Independent reproduction evidence,manuscript/paper1/sections/09-reproducibility-artifact.tex,148-154,This distinction is essential for interpreting the reproduction result. The,COMPRESS,53,30,23,Interpretar reproducción,"Operatividad y reconstrucción, sin nuevas medidas completas",Descripción anterior,09.22,LOW,"Interpretación corta, sin repetir workflow",Párrafo o entrada sustantiva,https://github.com/kapumota/dtl-lab/blob/5195d94b2ade1933a726d1d2106cc35a11c37f47/manuscript/paper1/sections/09-reproducibility-artifact.tex
09.24,Reproducibility and Artifact,Independent reproduction evidence,manuscript/paper1/sections/09-reproducibility-artifact.tex,156-162,"The reproduction also provides process separation, but not full hardware",COMPRESS,66,48,18,Delimitar independencia,"Usuario, clon/workspace, mismo host Linux nativo, no hardware independence",Threats/repro boundaries,09.39,LOW,Conservar todas las condiciones y segunda máquina como futuro,Párrafo o entrada sustantiva,https://github.com/kapumota/dtl-lab/blob/5195d94b2ade1933a726d1d2106cc35a11c37f47/manuscript/paper1/sections/09-reproducibility-artifact.tex
09.25,Reproducibility and Artifact,Integrity and traceability,manuscript/paper1/sections/09-reproducibility-artifact.tex,167-171,The artifact preserves traceability across the main stages of the,COMPRESS,41,28,13,Definir vínculo de versiones,"Revision enlaza fuentes y scripts, protocolo identifica campaña",Inventario integridad,09.06,LOW,Mantener relación entre identidades,Párrafo o entrada sustantiva,https://github.com/kapumota/dtl-lab/blob/5195d94b2ade1933a726d1d2106cc35a11c37f47/manuscript/paper1/sections/09-reproducibility-artifact.tex
09.26,Reproducibility and Artifact,Integrity and traceability,manuscript/paper1/sections/09-reproducibility-artifact.tex,173-177,The preserved raw results form the primary empirical record of,COMPRESS,37,25,12,Definir fuente empírica,"Raw es registro primario, no números manuales",Regeneración,09.13,LOW,Conservar fuente de autoridad y acortar derivados enumerados,Párrafo o entrada sustantiva,https://github.com/kapumota/dtl-lab/blob/5195d94b2ade1933a726d1d2106cc35a11c37f47/manuscript/paper1/sections/09-reproducibility-artifact.tex
09.27,Reproducibility and Artifact,Integrity and traceability,manuscript/paper1/sections/09-reproducibility-artifact.tex,179-182,Integrity manifests provide a second traceability layer. Cryptographic content hashes,COMPRESS,36,24,12,Definir uso de manifiesto,Rehash y comparación determinista,Etapa de comparación,09.14,LOW,Conservar mecanismo en explicación canónica,Párrafo o entrada sustantiva,https://github.com/kapumota/dtl-lab/blob/5195d94b2ade1933a726d1d2106cc35a11c37f47/manuscript/paper1/sections/09-reproducibility-artifact.tex
09.28,Reproducibility and Artifact,Integrity and traceability,manuscript/paper1/sections/09-reproducibility-artifact.tex,184-187,A matching hash establishes content identity for the corresponding artifact.,KEEP,36,36,0,Limitar hash matching,Identidad de contenido no corrección científica,Advertencias repetidas,"09.32, 09.41",NONE,Conservar formulación canónica,Párrafo o entrada sustantiva,https://github.com/kapumota/dtl-lab/blob/5195d94b2ade1933a726d1d2106cc35a11c37f47/manuscript/paper1/sections/09-reproducibility-artifact.tex
09.29,Reproducibility and Artifact,Integrity and traceability,manuscript/paper1/sections/09-reproducibility-artifact.tex,189-193,"Conversely, a hash mismatch is treated as an observable reproduction",COMPRESS,36,25,11,Definir tratamiento mismatch,Investigar y registrar gate/incident,Reportes generales,09.06,LOW,No perder conducta ante discrepancia,Párrafo o entrada sustantiva,https://github.com/kapumota/dtl-lab/blob/5195d94b2ade1933a726d1d2106cc35a11c37f47/manuscript/paper1/sections/09-reproducibility-artifact.tex
09.30,Reproducibility and Artifact,Integrity and traceability,manuscript/paper1/sections/09-reproducibility-artifact.tex,195-204,The resulting traceability chain can be summarized as: source revision,KEEP,23,23,0,Resumir provenance,Revisión/protocolo/raw/derivados/manifest/comparación,Explicación precedente,09.25-09.29,NONE,Cadena compacta útil para inspección independiente,Hipótesis o cadena con introducción,https://github.com/kapumota/dtl-lab/blob/5195d94b2ade1933a726d1d2106cc35a11c37f47/manuscript/paper1/sections/09-reproducibility-artifact.tex
09.31,Reproducibility and Artifact,Integrity and traceability,manuscript/paper1/sections/09-reproducibility-artifact.tex,206-209,This chain supports bidirectional inspection. A value reported in a,COMPRESS,37,24,13,Explicar inspección bidireccional,Tabla hacia raw y regenerado hacia manifest,Cadena,09.30,LOW,Conservar utilidad con una oración,Párrafo o entrada sustantiva,https://github.com/kapumota/dtl-lab/blob/5195d94b2ade1933a726d1d2106cc35a11c37f47/manuscript/paper1/sections/09-reproducibility-artifact.tex
09.32,Reproducibility and Artifact,Integrity and traceability,manuscript/paper1/sections/09-reproducibility-artifact.tex,211-215,The integrity layer is intentionally separated from experimental interpretation. Hash,DELETE_REDUNDANT,38,0,38,Reiterar límite de integridad,Ninguna distinción nueva,Hash no corrección,09.28,NONE,Eliminar duplicado conservando versión canónica cercana,Párrafo o entrada sustantiva,https://github.com/kapumota/dtl-lab/blob/5195d94b2ade1933a726d1d2106cc35a11c37f47/manuscript/paper1/sections/09-reproducibility-artifact.tex
09.33,Reproducibility and Artifact,Reproducibility boundaries,manuscript/paper1/sections/09-reproducibility-artifact.tex,220-221,"The artifact supports several forms of reproducibility, but each has",DELETE_REDUNDANT,13,0,13,Introducir límites,"Ninguna, el título ya lo dice",Encabezado Reproducibility boundaries,09.38-09.40,NONE,Eliminar frase vacía,Párrafo o entrada sustantiva,https://github.com/kapumota/dtl-lab/blob/5195d94b2ade1933a726d1d2106cc35a11c37f47/manuscript/paper1/sections/09-reproducibility-artifact.tex
09.34,Reproducibility and Artifact,Reproducibility boundaries,manuscript/paper1/sections/09-reproducibility-artifact.tex,223-225,"First, the scientific sources, frozen protocol, raw observations, derived outputs,",DELETE_REDUNDANT,28,0,28,Repetir inventario auditable,Ninguna información nueva,Inventario y cadena,"09.02-09.06, 09.30",NONE,Eliminar segunda enumeración de insumos,Párrafo o entrada sustantiva,https://github.com/kapumota/dtl-lab/blob/5195d94b2ade1933a726d1d2106cc35a11c37f47/manuscript/paper1/sections/09-reproducibility-artifact.tex
09.35,Reproducibility and Artifact,Reproducibility boundaries,manuscript/paper1/sections/09-reproducibility-artifact.tex,227-230,"Second, the representative smoke suite permits partial re-execution of the",DELETE_REDUNDANT,35,0,35,Repetir smoke scope,Ninguna información nueva,Smoke suite canónica,09.12,NONE,Eliminar recapitulación manteniendo seis clases ejecutadas en 09.12,Párrafo o entrada sustantiva,https://github.com/kapumota/dtl-lab/blob/5195d94b2ade1933a726d1d2106cc35a11c37f47/manuscript/paper1/sections/09-reproducibility-artifact.tex
09.36,Reproducibility and Artifact,Reproducibility boundaries,manuscript/paper1/sections/09-reproducibility-artifact.tex,232-235,"Third, the complete paper-level analysis can be regenerated from the",DELETE_REDUNDANT,33,0,33,Repetir regeneración,Ninguna información nueva,Workflow y resultado histórico,"09.13, 09.22",NONE,"Eliminar recapitulación, conservar origen raw",Párrafo o entrada sustantiva,https://github.com/kapumota/dtl-lab/blob/5195d94b2ade1933a726d1d2106cc35a11c37f47/manuscript/paper1/sections/09-reproducibility-artifact.tex
09.37,Reproducibility and Artifact,Reproducibility boundaries,manuscript/paper1/sections/09-reproducibility-artifact.tex,237-239,"Fourth, content hashes and reproduction reports provide integrity and process",DELETE_REDUNDANT,24,0,24,Repetir integridad de proceso,Ninguna información nueva,Comparación y reportes,09.27-09.29,NONE,Eliminar duplicado de mecanismos,Párrafo o entrada sustantiva,https://github.com/kapumota/dtl-lab/blob/5195d94b2ade1933a726d1d2106cc35a11c37f47/manuscript/paper1/sections/09-reproducibility-artifact.tex
09.38,Reproducibility and Artifact,Reproducibility boundaries,manuscript/paper1/sections/09-reproducibility-artifact.tex,241-244,These capabilities do not imply full experimental replication. The independent,COMPRESS,34,22,12,Recordar no full replication,"No full rerun, raw permanece fuente",Resultado histórico,09.22,LOW,Conservar límite breve en subsección de fronteras,Párrafo o entrada sustantiva,https://github.com/kapumota/dtl-lab/blob/5195d94b2ade1933a726d1d2106cc35a11c37f47/manuscript/paper1/sections/09-reproducibility-artifact.tex
09.39,Reproducibility and Artifact,Reproducibility boundaries,manuscript/paper1/sections/09-reproducibility-artifact.tex,246-250,The evaluation also does not establish hardware-independent reproducibility. The successful,COMPRESS,45,27,18,Recordar no hardware independence,Mismo host y segunda máquina como mayor validación,Condiciones del intento,09.24,LOW,"Reducir reiteración, conservar límite explícito",Párrafo o entrada sustantiva,https://github.com/kapumota/dtl-lab/blob/5195d94b2ade1933a726d1d2106cc35a11c37f47/manuscript/paper1/sections/09-reproducibility-artifact.tex
09.40,Reproducibility and Artifact,Reproducibility boundaries,manuscript/paper1/sections/09-reproducibility-artifact.tex,252-255,"Similarly, the artifact does not claim universal reproducibility across arbitrary",KEEP,33,33,0,Limitar portabilidad,"OS, CPU, tools, JVM y recursos pueden alterar outputs/coste",Mismo host no cubre estos factores,09.24,NONE,"Limitación adicional única, debe permanecer",Párrafo o entrada sustantiva,https://github.com/kapumota/dtl-lab/blob/5195d94b2ade1933a726d1d2106cc35a11c37f47/manuscript/paper1/sections/09-reproducibility-artifact.tex
09.41,Reproducibility and Artifact,Reproducibility boundaries,manuscript/paper1/sections/09-reproducibility-artifact.tex,257-262,"Finally, deterministic integrity checks should not be confused with scientific",COMPRESS,45,20,25,Recordar hash no validez,Integridad distinta de conclusión científica,Versión canónica,09.28,LOW,Recordatorio corto con referencia,Párrafo o entrada sustantiva,https://github.com/kapumota/dtl-lab/blob/5195d94b2ade1933a726d1d2106cc35a11c37f47/manuscript/paper1/sections/09-reproducibility-artifact.tex
09.42,Reproducibility and Artifact,Reproducibility boundaries,manuscript/paper1/sections/09-reproducibility-artifact.tex,264-268,"The artifact should therefore be interpreted as supporting reproducible inspection,",DELETE_REDUNDANT,34,0,34,Recapitular capacidades y límites,Ninguna información nueva,"Inventario, workflow y límites","09.08, 09.38-09.41",NONE,Eliminar cierre que repite íntegramente la subsección,Párrafo o entrada sustantiva,https://github.com/kapumota/dtl-lab/blob/5195d94b2ade1933a726d1d2106cc35a11c37f47/manuscript/paper1/sections/09-reproducibility-artifact.tex
10.01,Conclusions,Sin subsección,manuscript/paper1/sections/10-conclusions.tex,4,This paper evaluated an executable cross-shard commit protocol through a,COMPRESS,58,38,20,Sintetizar contribución,Integración de capas y freeze,Introduction y Discussion,"01.04, 07.29",LOW,Mantener contribución con menos enumeración,Párrafo o entrada sustantiva,https://github.com/kapumota/dtl-lab/blob/5195d94b2ade1933a726d1d2106cc35a11c37f47/manuscript/paper1/sections/10-conclusions.tex
10.02,Conclusions,Sin subsección,manuscript/paper1/sections/10-conclusions.tex,6,"For RQ1, the valid TLA+ and Alloy models produced no",COMPRESS,97,73,24,Sintetizar RQ1/RQ2,"420/350/70, 0 violaciones completadas, 10/10, score1.0 y límites",Resultados completos,"06.04, 06.12, 06.23-06.25",LOW,Conservar datos esenciales y scope en formulación compacta,Párrafo o entrada sustantiva,https://github.com/kapumota/dtl-lab/blob/5195d94b2ade1933a726d1d2106cc35a11c37f47/manuscript/paper1/sections/10-conclusions.tex
10.03,Conclusions,Sin subsección,manuscript/paper1/sections/10-conclusions.tex,8,"For RQ3, the 600 evaluated executions supported the expected bounded",COMPRESS,114,85,29,Sintetizar RQ3/RQ4,"600, aceptación/rechazo, diagnósticos, coste creciente y límites",Results/Discussion,"06.28, 06.37, 06.54-06.55",LOW,Mantener ambas RQ y no refinement/no leyes/no superioridad,Párrafo o entrada sustantiva,https://github.com/kapumota/dtl-lab/blob/5195d94b2ade1933a726d1d2106cc35a11c37f47/manuscript/paper1/sections/10-conclusions.tex
10.04,Conclusions,Sin subsección,manuscript/paper1/sections/10-conclusions.tex,10,The combined evidence should therefore be interpreted as complementary rather,MERGE,73,22,51,Cerrar interpretación integrada,Complementariedad no prueba acumulativa,Discussion y freeze,"07.28, 04.02",LOW,"Fusionar con 10.01, sin reenumerar parámetros congelados",Párrafo o entrada sustantiva,https://github.com/kapumota/dtl-lab/blob/5195d94b2ade1933a726d1d2106cc35a11c37f47/manuscript/paper1/sections/10-conclusions.tex
10.05,Conclusions,Sin subsección,manuscript/paper1/sections/10-conclusions.tex,12,The analytical artifact was independently exercised from a separate clone,COMPRESS,69,60,9,Sintetizar reproducción,"10/10, 32/32, separaciones, mismo host, no full rerun/no hardware",Resultado histórico,09.20-09.24,LOW,Mantener todos los calificadores esenciales,Párrafo o entrada sustantiva,https://github.com/kapumota/dtl-lab/blob/5195d94b2ade1933a726d1d2106cc35a11c37f47/manuscript/paper1/sections/10-conclusions.tex
10.06,Conclusions,Sin subsección,manuscript/paper1/sections/10-conclusions.tex,14,"Overall, the study shows that a cross-shard protocol can be",COMPRESS,81,47,34,Cerrar y definir futuro,"Ampliar bounds, mutantes, trazas y segunda máquina",Contribución repetida,"10.01, 07.30",LOW,Eliminar segunda síntesis y conservar futuro mínimo,Párrafo o entrada sustantiva,https://github.com/kapumota/dtl-lab/blob/5195d94b2ade1933a726d1d2106cc35a11c37f47/manuscript/paper1/sections/10-conclusions.tex
